District,Crop,N,P,K,Moisture,pH,Temperature,Humidity,NDVI,Yield
Davanagere,Rice,72,39,46,66,7.0,34,85,0.82,5524
Davanagere,Rice,74,40,44,75,6.5,29,70,0.8,5649
Davanagere,Rice,72,25,56,76,6.2,31,74,0.8,5675
Davanagere,Rice,71,47,66,79,6.6,27,73,0.74,5638
Davanagere,Rice,70,25,45,74,6.3,30,75,0.78,5574
Davanagere,Rice,58,25,51,59,6.9,26,79,0.74,5386
Davanagere,Rice,54,31,54,67,6.0,26,89,0.76,5574
Davanagere,Rice,56,27,62,73,6.8,31,76,0.7,5429
Davanagere,Rice,51,32,66,56,7.0,25,76,0.75,5398
Davanagere,Rice,57,38,41,56,6.5,25,89,0.83,5637
Davanagere,Rice,72,35,64,60,5.7,34,72,0.75,5526
Davanagere,Rice,64,39,66,57,6.1,29,87,0.72,5697
Davanagere,Rice,68,37,69,75,5.8,26,81,0.77,5712
Davanagere,Rice,75,25,43,59,6.7,28,85,0.7,5437
Davanagere,Rice,74,28,56,76,6.5,27,70,0.87,5676
Davanagere,Rice,74,40,58,68,6.4,27,70,0.88,5911
Davanagere,Rice,50,46,61,79,5.7,35,70,0.81,5505
Davanagere,Rice,59,42,67,57,5.6,33,71,0.82,5459
Davanagere,Rice,60,39,44,55,6.6,28,72,0.7,5437
Davanagere,Rice,62,41,61,57,6.6,31,72,0.82,5634
Davanagere,Rice,69,48,48,76,6.2,34,70,0.79,5650
Davanagere,Rice,72,35,46,61,6.5,27,72,0.84,5616
Davanagere,Rice,59,47,46,60,5.7,30,75,0.76,5666
Davanagere,Rice,48,25,42,57,6.9,35,71,0.83,5235
Davanagere,Rice,69,33,41,60,5.7,30,89,0.78,5686
Davanagere,Rice,46,46,70,80,6.5,26,71,0.89,5757
Davanagere,Rice,69,43,48,77,6.4,30,75,0.88,5802
Davanagere,Rice,69,26,40,68,6.8,30,89,0.79,5552
Davanagere,Rice,65,35,64,63,6.1,33,84,0.78,5543
Davanagere,Rice,77,26,51,56,6.6,31,85,0.88,5588
Davanagere,Rice,70,28,52,71,6.1,30,86,0.74,5710
Davanagere,Rice,47,44,52,62,7.0,32,76,0.78,5604
Davanagere,Rice,77,40,60,80,6.3,27,85,0.82,5803
Davanagere,Rice,50,28,70,65,6.3,35,89,0.89,5621
Davanagere,Rice,48,38,61,61,6.3,28,90,0.88,5706
Davanagere,Rice,80,47,67,73,5.5,35,79,0.85,5785
Davanagere,Rice,67,47,42,77,6.2,32,90,0.9,5814
Davanagere,Rice,55,50,64,78,6.5,27,83,0.82,5739
Davanagere,Rice,54,41,56,62,5.8,33,70,0.74,5521
Davanagere,Rice,59,48,68,73,7.0,28,82,0.84,5794
Davanagere,Rice,67,44,67,70,6.7,32,73,0.79,5650
Davanagere,Rice,50,28,51,71,6.9,30,81,0.73,5364
Davanagere,Rice,69,25,42,60,6.5,32,78,0.7,5510
Davanagere,Rice,70,32,65,74,5.8,27,71,0.81,5576
Davanagere,Rice,68,35,41,71,6.4,28,84,0.88,5809
Davanagere,Rice,65,31,55,79,6.7,31,88,0.84,5690
Davanagere,Rice,67,40,61,74,6.7,28,89,0.78,5729
Davanagere,Rice,65,44,48,64,5.8,30,71,0.79,5649
Davanagere,Rice,76,40,64,80,6.9,28,85,0.87,5702
Davanagere,Rice,79,32,43,62,6.3,26,81,0.84,5645
Davanagere,Rice,80,47,50,76,6.4,27,75,0.76,5774
Davanagere,Rice,49,46,58,74,5.6,29,86,0.77,5563
Davanagere,Rice,76,28,61,57,6.0,28,87,0.8,5621
Davanagere,Rice,56,26,63,62,6.5,30,86,0.76,5416
Davanagere,Rice,48,39,61,61,5.6,33,89,0.8,5506
Davanagere,Rice,54,48,49,57,5.6,34,90,0.81,5417
Davanagere,Rice,57,27,40,67,6.5,25,71,0.83,5518
Davanagere,Rice,55,47,56,74,5.6,29,89,0.83,5683
Davanagere,Rice,59,38,56,58,6.4,33,81,0.86,5487
Davanagere,Rice,78,42,57,63,5.9,35,78,0.89,5762
Davanagere,Rice,47,40,69,75,6.4,28,90,0.74,5553
Davanagere,Rice,53,41,41,70,6.0,27,88,0.75,5533
Davanagere,Rice,77,32,47,57,5.6,31,74,0.85,5616
Davanagere,Rice,79,34,63,70,6.7,33,79,0.79,5568
Davanagere,Rice,52,45,54,61,5.5,35,72,0.77,5475
Davanagere,Rice,51,27,69,76,6.4,28,74,0.72,5442
Davanagere,Rice,53,48,52,76,6.0,25,87,0.87,5600
Davanagere,Rice,66,33,63,80,6.9,34,71,0.76,5561
Davanagere,Rice,53,43,58,67,6.4,34,76,0.72,5452
Davanagere,Rice,46,40,47,59,6.6,30,80,0.79,5356
Davanagere,Rice,77,29,64,68,7.0,34,73,0.74,5546
Davanagere,Rice,76,26,46,78,6.3,29,87,0.83,5580
Davanagere,Rice,67,47,50,73,6.0,35,86,0.77,5724
Davanagere,Rice,61,27,55,62,6.8,29,76,0.84,5430
Davanagere,Rice,67,45,59,73,5.8,28,83,0.74,5731
Davanagere,Rice,64,39,64,70,6.8,28,76,0.88,5884
Davanagere,Rice,74,49,53,64,5.8,32,79,0.76,5523
Davanagere,Rice,49,36,52,61,6.5,34,77,0.75,5354
Davanagere,Rice,50,45,47,79,6.1,35,78,0.84,5413
Davanagere,Rice,61,47,48,72,6.9,26,80,0.85,5648
Davanagere,Rice,65,27,59,74,6.6,33,73,0.75,5552
Davanagere,Rice,51,25,53,73,6.2,27,84,0.85,5459
Davanagere,Rice,50,29,65,78,6.0,35,85,0.89,5414
Davanagere,Rice,50,35,53,76,6.9,29,85,0.79,5680
Davanagere,Rice,70,31,66,80,6.5,25,79,0.86,5610
Davanagere,Rice,47,42,54,78,6.4,32,86,0.74,5604
Davanagere,Rice,52,50,59,71,5.9,34,75,0.87,5519
Davanagere,Rice,80,49,70,79,5.6,31,75,0.71,5883
Davanagere,Rice,59,50,59,76,6.8,31,78,0.85,5674
Davanagere,Rice,56,40,54,68,6.6,27,89,0.79,5491
Davanagere,Rice,78,42,42,63,6.8,30,73,0.78,5533
Davanagere,Rice,80,32,51,65,6.9,28,81,0.79,5735
Davanagere,Rice,79,44,57,56,5.6,35,86,0.85,5626
Davanagere,Rice,77,31,47,66,6.7,32,74,0.86,5568
Davanagere,Rice,67,43,40,79,6.7,31,79,0.77,5668
Davanagere,Rice,68,30,67,79,6.0,33,90,0.86,5769
Davanagere,Rice,59,39,67,60,6.5,32,70,0.85,5482
Davanagere,Rice,55,30,46,77,6.9,28,86,0.7,5527
Davanagere,Rice,71,38,67,77,6.8,28,73,0.82,5898
Davanagere,Rice,79,49,67,59,6.6,26,90,0.88,5682
Davanagere,Sugarcane,89,43,57,62,6.8,25,71,0.92,8525
Davanagere,Sugarcane,85,58,78,84,6.7,33,70,0.81,8775
Davanagere,Sugarcane,89,58,60,75,7.2,33,69,0.86,8615
Davanagere,Sugarcane,80,39,51,71,6.1,28,66,0.87,8664
Davanagere,Sugarcane,85,54,52,77,6.6,38,79,0.91,8674
Davanagere,Sugarcane,70,30,56,62,6.6,26,74,0.84,8512
Davanagere,Sugarcane,81,35,86,71,6.4,30,81,0.8,8581
Davanagere,Sugarcane,76,59,87,63,6.7,36,72,0.89,8626
Davanagere,Sugarcane,75,57,80,73,7.4,38,68,0.91,8583
Davanagere,Sugarcane,76,44,86,68,6.3,36,70,0.87,8605
Davanagere,Sugarcane,97,37,58,83,7.2,31,73,0.8,8759
Davanagere,Sugarcane,81,50,57,80,7.3,38,78,0.85,8543
Davanagere,Sugarcane,80,42,62,78,7.2,31,70,0.78,8550
Davanagere,Sugarcane,81,45,61,74,6.2,32,73,0.84,8639
Davanagere,Sugarcane,61,56,78,64,7.3,37,68,0.91,8435
Davanagere,Sugarcane,70,36,76,65,6.2,36,78,0.84,8409
Davanagere,Sugarcane,81,55,50,61,6.6,30,66,0.87,8668
Davanagere,Sugarcane,74,60,69,71,6.2,32,80,0.78,8668
Davanagere,Sugarcane,97,37,69,83,6.1,34,67,0.88,8603
Davanagere,Sugarcane,81,56,84,68,6.9,27,76,0.86,8878
Davanagere,Sugarcane,68,54,60,65,7.3,28,65,0.82,8493
Davanagere,Sugarcane,100,40,52,65,6.3,28,82,0.75,8499
Davanagere,Sugarcane,61,43,52,63,7.1,27,78,0.82,8497
Davanagere,Sugarcane,65,39,88,82,7.2,36,82,0.9,8536
Davanagere,Sugarcane,99,55,72,79,6.4,27,75,0.85,8824
Davanagere,Sugarcane,89,41,86,84,7.2,34,71,0.78,8748
Davanagere,Sugarcane,76,48,76,74,6.2,34,71,0.88,8748
Davanagere,Sugarcane,79,30,63,67,7.0,25,75,0.78,8576
Davanagere,Sugarcane,79,35,76,69,6.5,29,71,0.82,8736
Davanagere,Sugarcane,68,57,80,60,6.2,32,81,0.83,8619
Davanagere,Sugarcane,83,40,66,78,6.2,31,77,0.82,8629
Davanagere,Sugarcane,72,42,57,73,7.2,34,78,0.85,8610
Davanagere,Sugarcane,79,51,83,81,7.1,30,70,0.82,8741
Davanagere,Sugarcane,64,60,76,68,6.9,34,70,0.78,8497
Davanagere,Sugarcane,92,51,69,61,6.6,28,77,0.81,8774
Davanagere,Sugarcane,64,45,61,76,6.3,28,71,0.85,8569
Davanagere,Sugarcane,94,47,66,81,6.9,34,82,0.9,8608
Davanagere,Sugarcane,94,60,84,67,7.1,31,69,0.79,8688
Davanagere,Sugarcane,61,55,65,72,6.2,25,78,0.9,8620
Davanagere,Sugarcane,89,55,59,60,7.5,29,77,0.88,8691
Davanagere,Sugarcane,86,36,67,69,7.0,34,65,0.81,8395
Davanagere,Sugarcane,72,47,85,66,6.8,33,83,0.82,8596
Davanagere,Sugarcane,94,30,78,82,6.6,30,80,0.8,8641
Davanagere,Sugarcane,64,38,68,64,7.0,36,85,0.83,8483
Davanagere,Sugarcane,61,30,69,81,6.3,31,83,0.88,8404
Davanagere,Sugarcane,77,54,87,64,6.4,35,72,0.82,8436
Davanagere,Sugarcane,82,31,65,84,6.1,33,66,0.77,8628
Davanagere,Sugarcane,91,56,76,73,6.7,30,84,0.87,8802
Davanagere,Sugarcane,77,31,63,81,7.0,31,83,0.87,8712
Davanagere,Sugarcane,64,49,60,82,7.0,35,80,0.76,8366
Davanagere,Sugarcane,70,44,77,62,6.8,36,79,0.9,8508
Davanagere,Sugarcane,83,41,79,84,6.7,31,74,0.75,8626
Davanagere,Sugarcane,75,37,83,82,7.4,27,68,0.76,8557
Davanagere,Sugarcane,91,53,65,66,6.8,27,74,0.82,8740
Davanagere,Sugarcane,84,42,65,63,6.6,28,69,0.77,8533
Davanagere,Sugarcane,76,50,75,67,6.3,36,65,0.84,8610
Davanagere,Sugarcane,86,39,76,77,7.2,37,72,0.87,8609
Davanagere,Sugarcane,99,36,58,74,6.3,30,76,0.89,8806
Davanagere,Sugarcane,68,54,56,63,7.3,31,65,0.8,8477
Davanagere,Sugarcane,61,31,73,75,6.4,37,70,0.91,8495
Davanagere,Sugarcane,69,45,69,73,6.1,31,70,0.82,8623
Davanagere,Sugarcane,67,47,59,78,7.5,37,69,0.9,8631
Davanagere,Sugarcane,69,47,54,80,6.9,34,71,0.79,8571
Davanagere,Sugarcane,92,57,55,61,7.2,37,83,0.87,8611
Davanagere,Sugarcane,96,47,73,69,6.0,28,66,0.92,8929
Davanagere,Sugarcane,87,58,66,85,6.6,28,69,0.89,8801
Davanagere,Sugarcane,63,37,85,60,7.1,30,73,0.79,8585
Davanagere,Sugarcane,65,57,89,65,7.2,36,72,0.89,8562
Davanagere,Sugarcane,99,59,54,84,6.5,27,83,0.8,8894
Davanagere,Sugarcane,73,38,77,72,7.1,31,70,0.83,8471
Davanagere,Sugarcane,99,46,86,68,6.6,30,77,0.91,8794
Davanagere,Sugarcane,87,39,64,72,6.5,29,66,0.78,8617
Davanagere,Sugarcane,61,58,88,63,7.5,38,81,0.79,8460
Davanagere,Sugarcane,85,45,76,78,6.4,30,65,0.77,8713
Davanagere,Sugarcane,87,49,54,60,6.5,28,75,0.84,8477
Davanagere,Sugarcane,91,32,66,77,6.9,33,84,0.91,8703
Davanagere,Sugarcane,100,34,54,83,6.3,31,80,0.76,8615
Davanagere,Sugarcane,94,52,62,84,6.9,32,83,0.76,8563
Davanagere,Sugarcane,86,38,64,64,6.2,27,79,0.92,8655
Davanagere,Sugarcane,94,39,81,84,6.6,26,83,0.81,8898
Davanagere,Sugarcane,100,40,78,74,6.9,32,74,0.92,8683
Davanagere,Sugarcane,70,46,72,85,6.5,28,70,0.9,8783
Davanagere,Sugarcane,94,41,56,67,7.1,37,73,0.9,8573
Davanagere,Sugarcane,86,47,79,66,7.4,30,67,0.86,8719
Davanagere,Sugarcane,77,54,80,72,6.8,35,81,0.83,8594
Davanagere,Sugarcane,74,31,72,75,6.5,27,71,0.83,8425
Davanagere,Sugarcane,83,33,79,82,7.1,25,84,0.88,8754
Davanagere,Sugarcane,79,44,55,85,7.4,32,71,0.88,8476
Davanagere,Sugarcane,65,42,56,83,6.1,37,72,0.76,8424
Davanagere,Sugarcane,62,49,76,82,6.4,27,75,0.89,8769
Davanagere,Sugarcane,90,48,74,69,6.2,30,79,0.76,8544
Davanagere,Sugarcane,81,32,55,84,6.6,37,75,0.88,8433
Davanagere,Sugarcane,65,56,84,74,7.2,35,69,0.91,8597
Davanagere,Sugarcane,75,36,74,72,6.1,34,82,0.89,8586
Davanagere,Sugarcane,88,55,63,62,7.3,26,69,0.79,8571
Davanagere,Sugarcane,62,37,72,67,6.0,27,69,0.86,8648
Davanagere,Sugarcane,69,57,81,84,6.6,31,67,0.78,8627
Davanagere,Sugarcane,99,38,50,70,6.6,29,83,0.86,8647
Davanagere,Sugarcane,68,42,62,62,6.6,29,78,0.84,8514
Davanagere,Sugarcane,75,33,53,80,6.8,35,71,0.91,8560
Davanagere,Maize,50,42,58,66,7.1,32,70,0.79,5160
Davanagere,Maize,60,45,41,69,7.0,29,67,0.78,5259
Davanagere,Maize,75,32,62,47,6.1,30,77,0.79,5186
Davanagere,Maize,50,38,45,69,5.9,21,72,0.76,4915
Davanagere,Maize,71,41,57,45,6.6,22,77,0.76,5238
Davanagere,Maize,56,45,59,45,6.4,24,80,0.82,5179
Davanagere,Maize,51,37,54,67,7.1,21,71,0.66,5084
Davanagere,Maize,78,38,63,52,7.1,27,79,0.79,5161
Davanagere,Maize,54,41,55,68,6.3,29,62,0.66,5132
Davanagere,Maize,50,32,48,61,6.2,22,56,0.81,5022
Davanagere,Maize,54,35,47,48,6.2,22,64,0.67,4867
Davanagere,Maize,57,31,46,62,6.1,25,59,0.76,5001
Davanagere,Maize,72,37,67,63,6.6,21,72,0.77,5302
Davanagere,Maize,50,35,63,47,7.0,21,55,0.7,4969
Davanagere,Maize,55,38,43,54,7.0,28,61,0.66,5048
Davanagere,Maize,76,25,46,62,6.6,21,63,0.65,4906
Davanagere,Maize,61,25,47,61,7.1,22,64,0.74,5018
Davanagere,Maize,60,27,59,50,6.1,29,61,0.81,4973
Davanagere,Maize,51,40,70,59,6.7,23,68,0.8,5081
Davanagere,Maize,74,44,66,63,6.6,32,74,0.74,5187
Davanagere,Maize,77,29,67,48,6.3,22,64,0.7,4987
Davanagere,Maize,60,29,64,59,6.4,26,60,0.65,5038
Davanagere,Maize,51,39,46,65,6.3,21,58,0.79,5117
Davanagere,Maize,79,28,47,68,6.4,29,68,0.7,5184
Davanagere,Maize,73,37,59,51,6.3,31,65,0.79,5064
Davanagere,Maize,67,45,61,70,7.1,31,76,0.77,5403
Davanagere,Maize,51,28,40,59,5.9,23,73,0.69,4994
Davanagere,Maize,72,38,67,46,6.4,27,61,0.78,5210
Davanagere,Maize,76,25,60,46,6.2,20,64,0.85,5159
Davanagere,Maize,67,26,69,53,7.0,27,79,0.76,5144
Davanagere,Maize,71,26,44,50,6.4,27,60,0.84,5030
Davanagere,Maize,71,26,61,48,6.3,29,73,0.72,5241
Davanagere,Maize,72,27,44,70,6.9,25,75,0.66,4967
Davanagere,Maize,66,39,46,54,6.8,20,59,0.75,5053
Davanagere,Maize,57,30,52,66,6.0,30,66,0.8,5116
Davanagere,Maize,54,34,50,55,6.2,29,80,0.83,5173
Davanagere,Maize,69,37,53,67,6.1,30,77,0.79,5365
Davanagere,Maize,79,34,47,56,6.1,29,76,0.78,5179
Davanagere,Maize,55,32,54,57,5.9,28,66,0.7,5208
Davanagere,Maize,71,41,48,58,6.7,23,62,0.7,5145
Davanagere,Maize,59,39,41,54,6.5,20,58,0.8,4937
Davanagere,Maize,60,43,49,61,6.4,26,59,0.85,5143
Davanagere,Maize,75,30,40,56,6.7,20,65,0.8,4928
Davanagere,Maize,64,38,48,61,7.1,31,57,0.73,5094
Davanagere,Maize,79,29,62,45,6.1,24,65,0.71,5052
Davanagere,Maize,77,42,56,67,5.8,30,69,0.83,5483
Davanagere,Maize,69,25,44,45,7.1,24,79,0.76,5139
Davanagere,Maize,58,43,62,59,6.0,30,61,0.84,5141
Davanagere,Maize,61,33,52,54,6.2,20,69,0.79,5108
Davanagere,Maize,74,39,61,56,6.8,24,75,0.81,5361
Davanagere,Maize,70,43,42,70,6.4,27,77,0.7,5323
Davanagere,Maize,63,29,62,58,6.8,22,55,0.78,5031
Davanagere,Maize,60,41,55,45,6.0,31,71,0.81,5065
Davanagere,Maize,59,36,48,68,6.3,29,61,0.74,5210
Davanagere,Maize,51,43,61,45,6.6,28,80,0.72,5175
Davanagere,Maize,66,35,52,49,7.0,25,68,0.72,5134
Davanagere,Maize,77,40,54,48,7.0,32,72,0.74,5247
Davanagere,Maize,55,40,53,69,6.4,24,71,0.84,5212
Davanagere,Maize,63,44,48,50,6.9,29,78,0.84,5163
Davanagere,Maize,61,43,44,70,6.8,23,77,0.72,4978
Davanagere,Maize,55,32,68,69,6.9,23,63,0.76,5120
Davanagere,Maize,52,41,41,66,6.6,27,78,0.67,4909
Davanagere,Maize,64,43,46,59,5.8,26,68,0.66,5060
Davanagere,Maize,55,35,53,61,5.9,24,79,0.68,5132
Davanagere,Maize,51,44,65,48,6.4,26,72,0.78,5057
Davanagere,Maize,52,40,42,47,6.4,28,59,0.69,4966
Davanagere,Maize,61,27,51,50,7.2,25,57,0.76,4922
Davanagere,Maize,57,31,40,70,6.9,29,72,0.8,5244
Davanagere,Maize,69,37,47,57,6.8,22,64,0.84,5262
Davanagere,Maize,65,43,58,54,7.1,28,79,0.68,5079
Davanagere,Maize,73,40,64,47,6.8,24,61,0.71,5046
Davanagere,Maize,78,30,48,67,6.0,26,64,0.82,5339
Davanagere,Maize,65,37,63,49,6.6,29,72,0.79,5155
Davanagere,Maize,60,42,48,58,7.2,23,77,0.76,5207
Davanagere,Maize,57,41,41,69,6.8,22,67,0.83,4963
Davanagere,Maize,72,37,56,59,7.1,20,71,0.75,4966
Davanagere,Maize,74,44,70,51,6.0,25,76,0.71,5209
Davanagere,Maize,55,35,64,47,7.0,32,63,0.79,5129
Davanagere,Maize,80,43,55,66,7.0,26,69,0.71,5412
Davanagere,Maize,68,37,58,50,6.8,25,70,0.8,5021
Davanagere,Maize,68,37,43,49,6.6,23,73,0.69,4997
Davanagere,Maize,67,26,62,60,5.9,28,79,0.77,5062
Davanagere,Maize,65,39,46,61,6.8,20,75,0.8,5023
Davanagere,Maize,71,27,57,69,5.9,22,71,0.79,5188
Davanagere,Maize,53,40,65,51,7.2,27,66,0.77,5208
Davanagere,Maize,68,44,47,59,5.9,31,71,0.83,5164
Davanagere,Maize,76,26,40,52,6.7,31,62,0.69,4935
Davanagere,Maize,75,33,60,61,7.0,24,79,0.8,5341
Davanagere,Maize,70,45,70,65,6.5,27,71,0.79,5409
Davanagere,Maize,65,41,63,46,6.4,24,57,0.69,4971
Davanagere,Maize,56,36,53,56,6.6,31,74,0.7,5114
Davanagere,Maize,73,45,40,62,6.5,24,72,0.67,5235
Davanagere,Maize,66,27,50,55,6.5,26,72,0.76,5216
Davanagere,Maize,69,31,63,46,6.4,20,60,0.79,4952
Davanagere,Maize,55,31,64,61,6.3,32,57,0.69,5077
Davanagere,Maize,70,29,69,64,5.9,30,61,0.69,5205
Davanagere,Maize,59,39,67,69,6.1,31,74,0.74,5321
Davanagere,Maize,65,25,63,52,6.1,21,58,0.75,5009
Davanagere,Maize,79,34,70,45,6.1,25,74,0.69,5050
Davanagere,Maize,50,38,51,70,5.9,23,60,0.74,5003
Davanagere,Wheat,68,30,60,50,6.5,25,71,0.78,4654
Davanagere,Wheat,50,33,59,47,7.0,26,72,0.71,4298
Davanagere,Wheat,67,23,56,42,6.2,23,60,0.7,4297
Davanagere,Wheat,51,35,48,47,7.0,20,72,0.63,4242
Davanagere,Wheat,68,25,35,64,7.2,24,57,0.65,4535
Davanagere,Wheat,55,38,42,44,7.5,21,69,0.78,4392
Davanagere,Wheat,46,26,44,56,7.4,28,73,0.77,4282
Davanagere,Wheat,61,38,53,54,7.1,22,62,0.82,4483
Davanagere,Wheat,61,39,60,61,7.3,28,74,0.62,4464
Davanagere,Wheat,51,26,40,53,6.6,20,55,0.81,4243
Davanagere,Wheat,47,28,46,55,6.6,17,73,0.76,4289
Davanagere,Wheat,40,40,56,55,6.4,22,65,0.71,4446
Davanagere,Wheat,40,30,51,40,6.3,26,70,0.64,4135
Davanagere,Wheat,66,23,63,40,6.5,19,74,0.76,4350
Davanagere,Wheat,45,26,57,40,6.9,20,57,0.8,4148
Davanagere,Wheat,67,27,37,57,6.9,24,51,0.7,4295
Davanagere,Wheat,47,31,65,45,7.3,15,67,0.81,4260
Davanagere,Wheat,68,24,44,64,6.8,28,62,0.75,4505
Davanagere,Wheat,45,34,48,45,7.0,16,59,0.8,4330
Davanagere,Wheat,44,23,59,55,6.3,17,53,0.81,4314
Davanagere,Wheat,62,30,54,58,6.2,27,68,0.69,4472
Davanagere,Wheat,53,27,65,53,7.5,25,52,0.71,4417
Davanagere,Wheat,66,30,58,60,7.3,27,75,0.68,4405
Davanagere,Wheat,62,23,59,49,6.9,18,68,0.78,4420
Davanagere,Wheat,66,27,41,65,7.3,22,63,0.67,4305
Davanagere,Wheat,65,39,55,47,6.1,18,56,0.63,4233
Davanagere,Wheat,56,35,45,46,6.3,23,75,0.74,4484
Davanagere,Wheat,61,20,46,50,6.1,27,56,0.64,4242
Davanagere,Wheat,67,39,37,43,7.0,19,50,0.6,4117
Davanagere,Wheat,44,34,43,48,6.2,17,55,0.76,4065
Davanagere,Wheat,49,36,51,44,6.5,23,69,0.77,4216
Davanagere,Wheat,67,28,54,54,6.3,19,62,0.71,4528
Davanagere,Wheat,61,27,49,43,6.9,19,50,0.72,4370
Davanagere,Wheat,58,40,60,44,7.2,19,52,0.65,4338
Davanagere,Wheat,46,26,61,54,6.4,24,59,0.68,4317
Davanagere,Wheat,48,35,54,64,6.9,20,75,0.81,4497
Davanagere,Wheat,62,25,65,59,6.3,19,73,0.61,4392
Davanagere,Wheat,54,36,40,42,7.4,26,59,0.63,4262
Davanagere,Wheat,69,28,60,59,6.8,27,64,0.6,4543
Davanagere,Wheat,50,22,55,63,6.0,24,57,0.71,4278
Davanagere,Wheat,68,28,50,51,6.5,28,61,0.74,4516
Davanagere,Wheat,57,35,38,49,6.9,22,63,0.64,4275
Davanagere,Wheat,43,40,55,42,7.0,27,68,0.82,4473
Davanagere,Wheat,43,36,39,44,7.1,22,73,0.72,4275
Davanagere,Wheat,69,31,44,59,6.7,19,59,0.73,4358
Davanagere,Wheat,63,26,54,60,7.0,15,67,0.76,4443
Davanagere,Wheat,62,37,43,60,7.0,26,71,0.71,4592
Davanagere,Wheat,57,33,53,59,6.2,24,60,0.69,4533
Davanagere,Wheat,69,36,54,53,7.2,24,70,0.64,4418
Davanagere,Wheat,62,33,49,57,6.7,24,51,0.68,4551
Davanagere,Wheat,51,33,36,63,6.9,27,59,0.64,4226
Davanagere,Wheat,60,30,39,46,6.8,22,74,0.63,4223
Davanagere,Wheat,60,29,35,61,7.2,27,50,0.68,4271
Davanagere,Wheat,43,39,36,44,7.2,26,65,0.76,4218
Davanagere,Wheat,51,33,59,64,6.1,25,56,0.81,4594
Davanagere,Wheat,44,22,53,42,6.0,20,57,0.66,4066
Davanagere,Wheat,49,32,55,56,7.5,22,69,0.78,4418
Davanagere,Wheat,42,40,61,50,6.2,17,73,0.7,4215
Davanagere,Wheat,55,34,43,51,6.3,15,54,0.68,4164
Davanagere,Wheat,65,32,40,40,6.6,19,64,0.77,4459
Davanagere,Wheat,43,35,56,44,6.3,20,54,0.71,4151
Davanagere,Wheat,59,39,47,43,6.6,18,71,0.64,4206
Davanagere,Wheat,44,20,43,46,6.1,15,55,0.76,4152
Davanagere,Wheat,48,30,39,46,7.1,25,51,0.8,4342
Davanagere,Wheat,41,32,45,63,7.0,23,51,0.8,4431
Davanagere,Wheat,44,23,50,64,7.4,27,75,0.7,4385
Davanagere,Wheat,60,27,62,45,6.7,20,55,0.69,4198
Davanagere,Wheat,53,22,51,56,7.2,15,57,0.64,4213
Davanagere,Wheat,69,31,45,65,7.0,28,58,0.67,4564
Davanagere,Wheat,54,30,62,60,6.1,23,73,0.78,4470
Davanagere,Wheat,41,39,65,50,6.4,23,70,0.65,4253
Davanagere,Wheat,50,35,37,55,6.9,16,52,0.63,4155
Davanagere,Wheat,52,22,55,61,6.7,21,64,0.71,4476
Davanagere,Wheat,46,25,46,43,6.5,15,67,0.78,4125
Davanagere,Wheat,64,38,47,60,6.1,15,58,0.72,4496
Davanagere,Wheat,57,22,46,53,6.1,27,71,0.64,4324
Davanagere,Wheat,54,39,40,63,6.8,26,57,0.8,4568
Davanagere,Wheat,54,23,41,60,7.5,19,62,0.74,4209
Davanagere,Wheat,44,39,62,51,7.2,22,56,0.62,4302
Davanagere,Wheat,58,26,37,47,6.7,22,67,0.65,4298
Davanagere,Wheat,53,40,41,49,6.7,26,61,0.64,4326
Davanagere,Wheat,60,27,38,53,7.0,18,50,0.76,4323
Davanagere,Wheat,57,20,48,50,7.1,20,52,0.68,4399
Davanagere,Wheat,57,30,56,50,7.2,23,72,0.71,4352
Davanagere,Wheat,47,21,41,41,6.1,28,61,0.8,4449
Davanagere,Wheat,46,37,64,62,6.7,15,65,0.62,4342
Davanagere,Wheat,58,35,64,49,7.4,18,73,0.72,4416
Davanagere,Wheat,69,34,60,63,6.6,26,50,0.61,4480
Davanagere,Wheat,61,20,57,56,6.5,24,60,0.65,4430
Davanagere,Wheat,67,28,57,40,6.4,15,61,0.68,4234
Davanagere,Wheat,63,35,46,65,7.2,15,66,0.77,4267
Davanagere,Wheat,68,28,44,44,6.6,23,55,0.64,4361
Davanagere,Wheat,57,40,41,41,6.0,22,72,0.61,4320
Davanagere,Wheat,57,25,46,63,7.0,26,52,0.61,4516
Davanagere,Wheat,60,37,39,41,7.1,23,51,0.71,4322
Davanagere,Wheat,49,21,46,57,6.3,25,75,0.8,4442
Davanagere,Wheat,48,20,52,57,6.7,22,58,0.6,4196
Davanagere,Wheat,67,20,47,56,7.0,27,68,0.61,4371
Davanagere,Wheat,61,28,58,50,6.4,18,53,0.81,4508
Davanagere,Wheat,52,35,54,48,7.0,26,61,0.65,4431
Ballari,Rice,55,28,60,72,6.2,33,83,0.79,5434
Ballari,Rice,69,39,60,79,5.9,30,81,0.74,5561
Ballari,Rice,73,36,44,63,5.7,33,86,0.84,5616
Ballari,Rice,46,29,58,56,6.4,25,88,0.82,5408
Ballari,Rice,67,50,48,73,6.3,30,84,0.82,5756
Ballari,Rice,55,50,68,77,5.8,29,85,0.73,5526
Ballari,Rice,49,30,61,80,6.8,31,77,0.83,5672
Ballari,Rice,78,46,69,70,6.0,25,77,0.78,5794
Ballari,Rice,80,34,65,68,6.6,28,90,0.86,5921
Ballari,Rice,67,49,43,73,5.9,27,75,0.89,5644
Ballari,Rice,77,27,64,65,6.1,33,83,0.85,5651
Ballari,Rice,58,42,59,64,5.5,33,88,0.87,5723
Ballari,Rice,49,27,61,76,6.9,32,74,0.89,5418
Ballari,Rice,64,47,53,59,5.6,29,72,0.75,5591
Ballari,Rice,74,42,53,63,6.3,27,79,0.78,5581
Ballari,Rice,73,42,63,62,6.9,25,70,0.87,5632
Ballari,Rice,45,34,40,71,5.8,28,82,0.78,5330
Ballari,Rice,45,45,70,58,6.8,29,82,0.85,5493
Ballari,Rice,47,33,69,67,6.9,29,84,0.73,5374
Ballari,Rice,78,37,66,62,5.5,31,71,0.88,5807
Ballari,Rice,74,46,61,71,6.4,32,81,0.71,5712
Ballari,Rice,70,28,69,70,6.5,34,71,0.7,5671
Ballari,Rice,75,30,48,72,5.7,26,75,0.89,5659
Ballari,Rice,53,46,55,70,6.8,25,78,0.89,5682
Ballari,Rice,68,36,66,61,5.8,30,74,0.71,5691
Ballari,Rice,62,31,69,68,7.0,26,90,0.75,5504
Ballari,Rice,61,44,52,62,6.1,27,87,0.89,5706
Ballari,Rice,80,43,45,55,6.5,30,74,0.82,5633
Ballari,Rice,70,38,46,77,6.9,34,90,0.85,5696
Ballari,Rice,70,39,59,59,6.6,34,79,0.77,5506
Ballari,Rice,57,37,46,77,5.8,26,89,0.74,5507
Ballari,Rice,45,42,44,71,6.2,31,76,0.85,5508
Ballari,Rice,72,41,63,60,5.8,27,73,0.81,5681
Ballari,Rice,52,47,50,69,5.5,35,77,0.85,5408
Ballari,Rice,78,31,66,61,6.1,32,84,0.9,5683
Ballari,Rice,65,28,58,69,6.9,25,77,0.87,5740
Ballari,Rice,69,37,54,65,5.7,32,81,0.83,5658
Ballari,Rice,72,33,42,74,6.0,26,84,0.82,5543
Ballari,Rice,77,26,67,70,5.9,34,73,0.84,5690
Ballari,Rice,53,48,42,59,6.5,34,76,0.75,5559
Ballari,Rice,54,40,47,79,6.0,31,86,0.78,5460
Ballari,Rice,63,38,69,78,6.9,35,90,0.7,5593
Ballari,Rice,60,32,58,73,6.1,26,78,0.88,5751
Ballari,Rice,60,33,64,64,6.8,33,90,0.88,5718
Ballari,Rice,80,31,65,66,6.2,27,85,0.85,5612
Ballari,Rice,57,47,59,73,6.8,35,74,0.83,5617
Ballari,Rice,75,43,53,65,6.4,25,85,0.89,5731
Ballari,Rice,66,39,42,80,6.3,32,83,0.87,5794
Ballari,Rice,80,28,43,65,5.8,30,87,0.8,5618
Ballari,Rice,53,50,70,68,6.3,26,81,0.8,5626
Ballari,Rice,78,32,68,80,6.1,27,86,0.79,5682
Ballari,Rice,77,31,47,68,6.4,30,79,0.79,5714
Ballari,Rice,64,40,42,60,5.7,33,87,0.82,5671
Ballari,Rice,47,36,68,74,6.6,30,84,0.74,5452
Ballari,Rice,50,47,51,66,5.9,26,75,0.84,5638
Ballari,Rice,77,35,43,78,6.6,25,89,0.86,5759
Ballari,Rice,78,50,63,66,5.6,26,73,0.9,5828
Ballari,Rice,45,48,55,56,6.9,30,82,0.78,5344
Ballari,Rice,68,50,58,56,6.1,32,72,0.88,5816
Ballari,Rice,48,35,50,58,6.6,32,76,0.71,5287
Ballari,Rice,45,31,50,64,5.6,32,74,0.83,5490
Ballari,Rice,46,44,43,62,5.7,26,82,0.85,5599
Ballari,Rice,80,48,70,70,6.6,26,71,0.78,5752
Ballari,Rice,70,44,67,59,7.0,32,73,0.85,5827
Ballari,Rice,51,45,44,65,6.9,28,85,0.85,5588
Ballari,Rice,76,31,47,74,6.6,32,88,0.76,5692
Ballari,Rice,48,26,49,68,6.4,32,86,0.86,5606
Ballari,Rice,71,50,42,73,5.9,33,77,0.89,5764
Ballari,Rice,62,31,58,65,6.9,35,79,0.88,5522
Ballari,Rice,51,36,49,65,5.7,26,77,0.8,5571
Ballari,Rice,73,30,46,58,6.4,28,72,0.86,5579
Ballari,Rice,54,36,53,67,5.9,29,90,0.73,5649
Ballari,Rice,77,38,50,75,6.6,29,90,0.72,5720
Ballari,Rice,72,31,50,72,6.1,28,75,0.87,5680
Ballari,Rice,50,43,60,70,6.5,27,79,0.75,5677
Ballari,Rice,48,43,45,73,5.7,34,89,0.88,5664
Ballari,Rice,80,41,49,73,6.4,25,73,0.85,5794
Ballari,Rice,60,28,57,68,6.9,34,74,0.73,5334
Ballari,Rice,48,41,59,63,5.9,33,83,0.73,5426
Ballari,Rice,47,33,62,67,6.6,26,87,0.74,5579
Ballari,Rice,69,41,48,67,5.6,34,89,0.73,5669
Ballari,Rice,61,41,41,67,6.0,30,87,0.78,5595
Ballari,Rice,65,26,60,64,7.0,28,76,0.71,5604
Ballari,Rice,66,33,40,62,6.2,31,86,0.78,5650
Ballari,Rice,73,27,64,60,6.9,25,83,0.72,5488
Ballari,Rice,54,36,56,57,6.5,26,84,0.78,5381
Ballari,Rice,64,45,42,57,6.1,25,90,0.84,5587
Ballari,Rice,48,37,51,72,5.8,34,84,0.9,5447
Ballari,Rice,53,35,49,65,6.2,30,72,0.79,5473
Ballari,Rice,78,42,49,68,6.2,34,89,0.8,5566
Ballari,Rice,60,41,64,58,6.6,34,72,0.8,5449
Ballari,Rice,48,40,65,77,6.4,33,87,0.79,5657
Ballari,Rice,66,49,59,80,6.5,31,84,0.87,5826
Ballari,Rice,47,33,70,65,5.6,31,76,0.82,5420
Ballari,Rice,59,42,41,63,6.7,27,83,0.81,5627
Ballari,Rice,55,31,67,66,6.8,32,74,0.72,5498
Ballari,Rice,62,32,59,64,7.0,26,73,0.84,5462
Ballari,Rice,64,47,45,57,5.8,27,88,0.84,5543
Ballari,Rice,78,42,50,75,6.6,33,71,0.8,5613
Ballari,Rice,61,36,57,79,5.6,34,72,0.89,5736
Ballari,Sugarcane,73,44,58,64,6.8,30,82,0.86,8422
Ballari,Sugarcane,72,47,55,71,6.9,36,81,0.81,8332
Ballari,Sugarcane,61,40,53,63,7.5,33,66,0.8,8478
Ballari,Sugarcane,70,52,56,69,7.0,31,72,0.89,8526
Ballari,Sugarcane,63,53,86,63,7.0,34,76,0.91,8518
Ballari,Sugarcane,80,60,81,83,6.7,30,77,0.87,8936
Ballari,Sugarcane,60,54,78,83,6.6,29,84,0.91,8776
Ballari,Sugarcane,97,41,76,62,6.8,32,79,0.8,8728
Ballari,Sugarcane,69,42,76,61,6.2,30,85,0.79,8383
Ballari,Sugarcane,64,46,56,84,6.8,25,72,0.75,8437
Ballari,Sugarcane,97,54,61,73,6.7,29,82,0.82,8647
Ballari,Sugarcane,100,44,69,65,7.0,36,67,0.85,8639
Ballari,Sugarcane,88,54,83,72,6.9,31,85,0.86,8705
Ballari,Sugarcane,95,39,85,66,6.7,34,82,0.88,8572
Ballari,Sugarcane,99,38,70,78,6.9,29,67,0.76,8697
Ballari,Sugarcane,71,36,86,64,6.2,38,73,0.86,8362
Ballari,Sugarcane,87,41,55,78,7.2,35,74,0.85,8612
Ballari,Sugarcane,82,54,59,74,7.3,32,66,0.91,8517
Ballari,Sugarcane,86,44,88,80,6.7,31,68,0.77,8573
Ballari,Sugarcane,61,51,88,64,7.2,32,72,0.84,8589
Ballari,Sugarcane,75,60,80,63,6.9,33,82,0.83,8747
Ballari,Sugarcane,81,40,78,79,6.5,32,65,0.81,8764
Ballari,Sugarcane,69,40,87,79,6.5,36,75,0.78,8470
Ballari,Sugarcane,70,40,78,64,6.7,37,77,0.81,8314
Ballari,Sugarcane,78,52,62,74,6.7,34,66,0.86,8521
Ballari,Sugarcane,80,46,88,69,7.0,38,71,0.85,8448
Ballari,Sugarcane,77,47,52,78,7.2,33,74,0.84,8549
Ballari,Sugarcane,89,34,70,79,6.2,37,73,0.85,8465
Ballari,Sugarcane,90,31,52,85,6.1,35,75,0.89,8579
Ballari,Sugarcane,67,49,84,69,6.5,29,77,0.92,8806
Ballari,Sugarcane,76,40,62,67,7.0,32,65,0.77,8355
Ballari,Sugarcane,76,47,71,77,6.7,38,74,0.83,8562
Ballari,Sugarcane,93,54,73,65,7.4,33,84,0.85,8722
Ballari,Sugarcane,87,44,72,70,7.0,27,81,0.78,8749
Ballari,Sugarcane,66,43,80,80,7.4,27,85,0.9,8631
Ballari,Sugarcane,82,43,56,60,6.9,36,76,0.76,8472
Ballari,Sugarcane,90,54,84,82,7.1,36,69,0.91,8635
Ballari,Sugarcane,70,59,57,84,6.6,32,67,0.89,8738
Ballari,Sugarcane,91,58,80,82,7.0,31,74,0.82,8703
Ballari,Sugarcane,94,35,72,82,6.7,28,73,0.77,8589
Ballari,Sugarcane,68,51,80,71,7.4,27,68,0.81,8607
Ballari,Sugarcane,91,52,72,78,6.6,27,73,0.87,8738
Ballari,Sugarcane,90,33,77,69,7.4,30,80,0.9,8626
Ballari,Sugarcane,66,51,50,64,6.0,29,72,0.75,8493
Ballari,Sugarcane,92,58,74,75,6.9,32,73,0.91,8726
Ballari,Sugarcane,64,59,57,69,7.0,27,76,0.91,8483
Ballari,Sugarcane,65,32,89,73,6.6,32,76,0.79,8609
Ballari,Sugarcane,64,55,75,77,6.9,25,74,0.79,8594
Ballari,Sugarcane,60,45,90,66,7.1,27,65,0.82,8534
Ballari,Sugarcane,85,32,78,70,6.9,29,82,0.77,8670
Ballari,Sugarcane,100,30,80,79,6.2,28,69,0.89,8759
Ballari,Sugarcane,86,46,85,84,6.2,32,78,0.77,8714
Ballari,Sugarcane,81,34,52,82,6.6,26,69,0.78,8549
Ballari,Sugarcane,97,51,72,84,7.3,30,75,0.77,8841
Ballari,Sugarcane,94,49,72,84,7.1,26,72,0.91,8801
Ballari,Sugarcane,68,31,72,67,6.3,29,85,0.83,8395
Ballari,Sugarcane,80,35,80,69,7.4,33,67,0.88,8648
Ballari,Sugarcane,68,40,71,61,6.6,26,70,0.85,8468
Ballari,Sugarcane,93,40,89,82,7.2,38,74,0.84,8591
Ballari,Sugarcane,68,56,63,74,7.3,35,79,0.8,8629
Ballari,Sugarcane,63,33,56,69,7.0,38,77,0.84,8300
Ballari,Sugarcane,74,48,72,61,6.8,33,66,0.88,8467
Ballari,Sugarcane,98,49,79,70,6.0,29,83,0.85,8847
Ballari,Sugarcane,77,36,73,79,6.4,26,66,0.9,8794
Ballari,Sugarcane,86,47,52,75,6.8,26,77,0.83,8484
Ballari,Sugarcane,80,30,87,84,6.8,29,76,0.84,8571
Ballari,Sugarcane,68,58,85,67,6.2,29,67,0.76,8525
Ballari,Sugarcane,71,41,89,61,6.9,32,66,0.91,8696
Ballari,Sugarcane,100,48,50,76,7.1,28,71,0.84,8654
Ballari,Sugarcane,98,54,61,64,6.1,34,75,0.77,8563
Ballari,Sugarcane,96,32,52,80,6.6,29,76,0.77,8578
Ballari,Sugarcane,91,56,66,60,7.1,25,74,0.81,8649
Ballari,Sugarcane,67,37,85,84,7.4,29,82,0.86,8648
Ballari,Sugarcane,75,51,72,85,6.4,34,72,0.9,8728
Ballari,Sugarcane,99,57,60,66,6.7,31,67,0.92,8731
Ballari,Sugarcane,72,39,90,67,6.6,34,69,0.81,8669
Ballari,Sugarcane,96,37,78,61,6.6,32,72,0.82,8626
Ballari,Sugarcane,77,33,51,68,6.1,38,71,0.81,8362
Ballari,Sugarcane,67,47,65,81,7.2,35,85,0.89,8685
Ballari,Sugarcane,99,37,52,72,6.3,33,80,0.8,8647
Ballari,Sugarcane,83,41,70,69,7.0,35,68,0.84,8598
Ballari,Sugarcane,90,43,90,77,6.1,25,84,0.87,8821
Ballari,Sugarcane,100,41,78,73,6.5,36,82,0.88,8826
Ballari,Sugarcane,89,59,57,71,6.6,29,72,0.79,8793
Ballari,Sugarcane,82,35,80,69,6.2,28,80,0.8,8737
Ballari,Sugarcane,93,59,88,65,6.3,37,84,0.86,8587
Ballari,Sugarcane,79,38,64,66,6.6,37,84,0.79,8399
Ballari,Sugarcane,80,53,75,82,6.3,37,78,0.85,8556
Ballari,Sugarcane,76,54,77,62,6.5,28,69,0.91,8808
Ballari,Sugarcane,69,44,86,63,7.3,28,70,0.85,8727
Ballari,Sugarcane,76,60,65,61,7.4,34,83,0.77,8358
Ballari,Sugarcane,66,57,86,68,7.0,37,85,0.91,8508
Ballari,Sugarcane,72,52,87,76,6.5,34,73,0.84,8743
Ballari,Sugarcane,100,46,80,64,6.4,37,65,0.89,8676
Ballari,Sugarcane,92,49,61,72,6.5,28,74,0.79,8774
Ballari,Sugarcane,89,46,84,71,7.5,32,76,0.76,8766
Ballari,Sugarcane,92,50,78,72,6.3,33,76,0.92,8742
Ballari,Sugarcane,85,60,79,74,6.4,34,81,0.88,8848
Ballari,Sugarcane,100,31,51,72,6.2,38,73,0.84,8666
Ballari,Sugarcane,75,52,76,69,6.6,34,69,0.87,8444
Ballari,Maize,76,28,53,47,7.0,27,76,0.7,5224
Ballari,Maize,73,36,62,58,6.0,32,74,0.7,5246
Ballari,Maize,50,33,52,49,6.6,22,70,0.75,5019
Ballari,Maize,63,44,52,48,5.8,30,69,0.73,5032
Ballari,Maize,74,29,48,59,6.7,22,63,0.8,5255
Ballari,Maize,80,42,56,64,7.2,22,74,0.75,5257
Ballari,Maize,74,43,45,59,6.1,22,62,0.84,5202
Ballari,Maize,58,43,56,58,5.9,32,56,0.66,5102
Ballari,Maize,65,37,53,55,6.4,27,63,0.67,5154
Ballari,Maize,62,36,56,52,5.9,20,56,0.67,4848
Ballari,Maize,65,36,54,54,6.1,32,59,0.75,5188
Ballari,Maize,74,43,41,67,6.3,32,69,0.72,5225
Ballari,Maize,66,27,61,59,6.3,29,59,0.67,5186
Ballari,Maize,58,34,57,68,6.1,32,62,0.7,5088
Ballari,Maize,59,35,42,63,6.1,23,74,0.66,4979
Ballari,Maize,76,30,64,54,6.9,25,71,0.77,5070
Ballari,Maize,78,34,40,55,6.5,30,67,0.84,5255
Ballari,Maize,55,30,44,47,6.2,20,60,0.81,4954
Ballari,Maize,79,42,68,55,6.1,30,71,0.67,5148
Ballari,Maize,74,26,64,62,6.2,25,74,0.66,5176
Ballari,Maize,70,43,47,63,6.0,28,73,0.8,5327
Ballari,Maize,52,27,59,52,6.3,22,56,0.65,4997
Ballari,Maize,77,39,63,57,7.0,25,55,0.66,5084
Ballari,Maize,50,30,40,69,6.1,32,59,0.74,5020
Ballari,Maize,76,31,54,60,6.8,23,60,0.8,5113
Ballari,Maize,71,41,46,51,6.5,20,68,0.75,5133
Ballari,Maize,75,43,48,68,7.0,32,75,0.68,5221
Ballari,Maize,67,32,51,45,6.7,25,79,0.75,4926
Ballari,Maize,63,42,68,55,7.0,28,69,0.79,5148
Ballari,Maize,79,26,40,69,6.0,20,67,0.81,5280
Ballari,Maize,56,43,59,67,7.1,25,62,0.84,5208
Ballari,Maize,79,43,55,59,7.0,32,61,0.73,5192
Ballari,Maize,68,26,69,60,6.7,21,68,0.69,5031
Ballari,Maize,64,31,40,45,6.8,30,75,0.83,4943
Ballari,Maize,54,27,67,58,7.1,22,78,0.8,4912
Ballari,Maize,75,32,59,58,6.9,21,77,0.84,5100
Ballari,Maize,79,33,57,51,6.0,24,71,0.68,5246
Ballari,Maize,54,40,50,49,6.2,26,77,0.67,5014
Ballari,Maize,74,26,48,59,7.1,23,78,0.67,5014
Ballari,Maize,62,45,45,67,7.1,32,79,0.84,5191
Ballari,Maize,60,42,60,64,6.3,23,77,0.79,5023
Ballari,Maize,53,33,57,58,6.5,31,76,0.83,5228
Ballari,Maize,50,32,62,64,6.6,22,74,0.67,4944
Ballari,Maize,54,43,41,58,6.0,20,66,0.79,5087
Ballari,Maize,69,31,56,60,6.6,30,61,0.8,5308
Ballari,Maize,56,35,65,58,6.8,23,69,0.77,5240
Ballari,Maize,56,42,67,56,6.8,23,67,0.68,5138
Ballari,Maize,75,43,45,51,5.9,21,55,0.72,5123
Ballari,Maize,56,37,60,55,7.1,22,59,0.78,4912
Ballari,Maize,74,31,40,50,6.7,27,72,0.74,5020
Ballari,Maize,59,42,49,55,5.8,26,66,0.7,5092
Ballari,Maize,54,36,49,57,6.7,25,60,0.8,5197
Ballari,Maize,56,28,69,48,6.2,20,70,0.81,4995
Ballari,Maize,54,43,69,58,6.0,30,76,0.81,5270
Ballari,Maize,80,45,63,70,6.9,31,73,0.73,5452
Ballari,Maize,73,33,58,47,6.6,20,74,0.66,4938
Ballari,Maize,63,39,47,47,6.4,32,66,0.82,5174
Ballari,Maize,69,32,49,66,6.5,20,70,0.8,5138
Ballari,Maize,53,29,65,53,7.2,25,66,0.77,5028
Ballari,Maize,72,36,40,61,6.5,28,60,0.79,5277
Ballari,Maize,79,44,67,47,6.8,24,73,0.7,5308
Ballari,Maize,63,35,40,55,6.6,20,58,0.78,4973
Ballari,Maize,73,26,45,54,6.9,32,73,0.65,5012
Ballari,Maize,69,30,70,62,6.1,27,65,0.75,5112
Ballari,Maize,62,42,50,60,6.1,23,71,0.83,5004
Ballari,Maize,70,38,68,51,7.0,27,79,0.81,5261
Ballari,Maize,80,33,57,46,6.8,27,73,0.82,5304
Ballari,Maize,72,27,48,52,6.8,20,76,0.74,5085
Ballari,Maize,58,29,50,67,5.8,20,78,0.83,5063
Ballari,Maize,62,45,59,56,6.7,28,78,0.73,5097
Ballari,Maize,62,38,44,67,6.2,32,72,0.85,5090
Ballari,Maize,63,37,62,46,6.3,25,71,0.69,5042
Ballari,Maize,70,37,53,51,6.9,22,57,0.76,5095
Ballari,Maize,65,25,55,46,6.5,26,64,0.69,5020
Ballari,Maize,80,27,68,53,6.7,28,64,0.79,5157
Ballari,Maize,71,41,59,65,6.7,29,60,0.74,5392
Ballari,Maize,63,35,53,49,6.2,24,65,0.78,5230
Ballari,Maize,73,29,60,62,7.0,24,66,0.75,5078
Ballari,Maize,63,29,44,51,6.7,25,74,0.83,5000
Ballari,Maize,53,28,56,70,6.5,23,74,0.72,4952
Ballari,Maize,59,43,55,52,6.2,28,76,0.8,5214
Ballari,Maize,78,40,67,53,7.2,29,78,0.72,5279
Ballari,Maize,67,32,69,54,5.8,27,57,0.77,5133
Ballari,Maize,56,45,55,57,7.1,31,65,0.77,5008
Ballari,Maize,57,25,68,67,7.2,23,70,0.83,5040
Ballari,Maize,61,35,70,56,6.8,26,63,0.71,5149
Ballari,Maize,52,26,70,66,6.5,27,64,0.74,5095
Ballari,Maize,61,25,53,61,6.3,27,70,0.79,5210
Ballari,Maize,75,28,68,58,5.8,24,78,0.78,5201
Ballari,Maize,65,33,61,62,6.3,25,65,0.75,5100
Ballari,Maize,69,41,61,64,6.0,30,74,0.67,5156
Ballari,Maize,56,32,44,63,6.5,22,63,0.68,5043
Ballari,Maize,77,28,53,49,6.4,22,57,0.81,4999
Ballari,Maize,58,31,59,64,7.0,21,73,0.77,4952
Ballari,Maize,54,29,55,65,6.5,20,72,0.84,4947
Ballari,Maize,68,29,41,62,6.7,23,64,0.66,4973
Ballari,Maize,67,25,45,56,6.3,20,56,0.83,4945
Ballari,Maize,74,37,45,49,6.9,28,58,0.71,5120
Ballari,Maize,53,28,61,47,6.2,25,60,0.67,4987
Ballari,Maize,79,42,44,50,6.9,26,58,0.72,5036
Ballari,Wheat,53,27,52,57,7.3,28,75,0.72,4536
Ballari,Wheat,69,28,60,56,7.4,18,58,0.73,4484
Ballari,Wheat,49,30,39,48,7.0,16,54,0.79,4084
Ballari,Wheat,51,35,41,40,6.7,19,64,0.78,4386
Ballari,Wheat,70,39,51,50,6.8,20,61,0.76,4495
Ballari,Wheat,55,24,63,52,6.7,16,60,0.62,4290
Ballari,Wheat,40,29,60,52,6.2,27,62,0.73,4256
Ballari,Wheat,60,34,65,43,7.0,19,61,0.76,4383
Ballari,Wheat,47,34,53,40,6.9,16,68,0.73,4062
Ballari,Wheat,53,37,63,46,6.5,24,65,0.76,4528
Ballari,Wheat,44,26,57,62,7.4,28,61,0.74,4414
Ballari,Wheat,53,26,39,54,7.3,24,60,0.75,4208
Ballari,Wheat,70,26,40,59,7.3,24,62,0.73,4573
Ballari,Wheat,60,28,49,45,6.4,20,62,0.8,4378
Ballari,Wheat,70,37,64,64,6.8,20,53,0.77,4473
Ballari,Wheat,64,37,46,64,6.5,20,72,0.78,4434
Ballari,Wheat,47,28,35,56,7.3,24,63,0.63,4168
Ballari,Wheat,51,36,48,44,6.1,16,62,0.66,4212
Ballari,Wheat,55,21,54,56,6.4,24,59,0.69,4218
Ballari,Wheat,66,35,56,43,7.1,27,68,0.64,4340
Ballari,Wheat,53,26,39,49,6.2,15,60,0.8,4071
Ballari,Wheat,69,35,36,44,6.6,25,51,0.62,4464
Ballari,Wheat,64,36,55,52,6.9,28,64,0.76,4545
Ballari,Wheat,41,36,60,59,7.0,22,70,0.79,4377
Ballari,Wheat,59,20,57,51,6.1,25,56,0.62,4245
Ballari,Wheat,59,24,55,47,7.4,24,65,0.82,4491
Ballari,Wheat,55,40,57,60,6.6,17,59,0.78,4400
Ballari,Wheat,68,26,43,65,6.7,16,71,0.66,4348
Ballari,Wheat,68,23,63,48,6.2,24,62,0.77,4453
Ballari,Wheat,69,29,46,44,7.5,15,72,0.81,4428
Ballari,Wheat,58,25,53,53,7.5,18,69,0.68,4136
Ballari,Wheat,49,33,37,63,6.6,19,57,0.82,4259
Ballari,Wheat,64,35,63,50,7.0,28,67,0.72,4631
Ballari,Wheat,67,23,52,46,6.4,16,54,0.69,4159
Ballari,Wheat,69,20,50,60,6.3,26,63,0.75,4578
Ballari,Wheat,41,27,47,49,7.1,20,63,0.75,4167
Ballari,Wheat,64,40,57,47,6.4,25,62,0.73,4617
Ballari,Wheat,42,30,37,51,7.4,22,70,0.65,4105
Ballari,Wheat,48,33,41,43,6.7,27,67,0.61,4180
Ballari,Wheat,54,25,62,64,6.6,21,58,0.62,4383
Ballari,Wheat,67,30,63,55,6.2,18,64,0.75,4518
Ballari,Wheat,50,30,41,56,7.3,21,70,0.72,4211
Ballari,Wheat,43,29,47,45,6.5,20,60,0.76,4310
Ballari,Wheat,46,27,49,53,6.9,17,58,0.71,4083
Ballari,Wheat,42,31,38,54,6.8,26,74,0.78,4220
Ballari,Wheat,49,27,49,42,6.5,24,66,0.63,4380
Ballari,Wheat,58,23,54,51,7.1,16,68,0.62,4274
Ballari,Wheat,47,26,46,56,6.7,24,61,0.67,4242
Ballari,Wheat,42,40,49,56,6.2,21,74,0.7,4222
Ballari,Wheat,49,25,48,55,6.3,22,68,0.71,4263
Ballari,Wheat,66,32,48,55,7.4,17,73,0.7,4360
Ballari,Wheat,56,32,65,42,7.4,22,70,0.62,4299
Ballari,Wheat,56,32,55,59,6.6,24,61,0.74,4452
Ballari,Wheat,59,38,37,50,6.6,17,73,0.78,4243
Ballari,Wheat,44,35,62,43,7.1,21,53,0.6,4080
Ballari,Wheat,57,27,57,50,6.5,20,68,0.68,4305
Ballari,Wheat,47,23,56,55,6.6,24,66,0.8,4447
Ballari,Wheat,42,27,56,61,6.8,20,74,0.74,4252
Ballari,Wheat,70,28,59,58,6.6,15,60,0.75,4252
Ballari,Wheat,63,34,35,48,7.0,27,50,0.68,4255
Ballari,Wheat,48,32,53,56,7.1,20,64,0.79,4383
Ballari,Wheat,62,36,40,63,6.9,24,73,0.63,4549
Ballari,Wheat,55,23,40,40,6.1,22,63,0.67,4088
Ballari,Wheat,67,36,49,45,6.2,20,51,0.71,4361
Ballari,Wheat,41,22,46,44,7.5,21,66,0.73,4245
Ballari,Wheat,61,37,54,51,7.4,26,60,0.71,4521
Ballari,Wheat,56,20,46,60,6.8,15,58,0.81,4387
Ballari,Wheat,58,26,40,56,6.2,21,52,0.75,4212
Ballari,Wheat,40,37,54,46,7.1,17,64,0.66,4170
Ballari,Wheat,69,27,38,43,7.5,18,67,0.72,4383
Ballari,Wheat,46,20,46,45,6.2,26,68,0.73,4174
Ballari,Wheat,43,29,36,57,7.4,15,64,0.8,4182
Ballari,Wheat,58,33,65,55,7.4,28,67,0.6,4564
Ballari,Wheat,49,22,64,55,6.1,28,51,0.63,4428
Ballari,Wheat,59,36,49,63,7.5,28,60,0.61,4338
Ballari,Wheat,57,34,40,54,7.3,18,72,0.7,4265
Ballari,Wheat,52,36,41,63,6.9,27,60,0.66,4533
Ballari,Wheat,68,24,39,41,7.4,27,72,0.78,4453
Ballari,Wheat,56,26,62,55,6.1,23,59,0.74,4291
Ballari,Wheat,43,40,35,64,6.2,17,65,0.64,4140
Ballari,Wheat,43,22,36,65,6.4,24,61,0.67,4318
Ballari,Wheat,46,37,65,52,6.4,22,67,0.81,4313
Ballari,Wheat,67,24,62,52,6.9,15,68,0.77,4490
Ballari,Wheat,58,35,45,60,6.5,23,67,0.76,4436
Ballari,Wheat,68,33,58,60,7.0,21,65,0.75,4485
Ballari,Wheat,53,36,50,48,6.2,21,66,0.71,4243
Ballari,Wheat,61,26,56,54,6.4,18,61,0.76,4232
Ballari,Wheat,69,36,36,50,7.3,16,61,0.82,4369
Ballari,Wheat,63,30,62,63,7.0,16,60,0.79,4447
Ballari,Wheat,52,37,40,51,6.3,19,64,0.81,4290
Ballari,Wheat,56,27,48,58,6.2,15,72,0.68,4381
Ballari,Wheat,48,35,64,54,6.8,18,62,0.73,4420
Ballari,Wheat,53,34,45,55,7.3,17,75,0.65,4272
Ballari,Wheat,58,36,60,59,6.2,21,68,0.76,4384
Ballari,Wheat,67,20,57,56,6.5,15,71,0.76,4264
Ballari,Wheat,51,21,59,65,6.9,27,67,0.65,4380
Ballari,Wheat,57,30,43,61,7.5,18,62,0.66,4373
Ballari,Wheat,49,33,36,63,6.1,24,55,0.76,4503
Ballari,Wheat,50,36,58,61,6.0,26,62,0.75,4480
Ballari,Wheat,61,37,49,51,7.4,19,63,0.64,4240
Mysuru,Rice,76,49,41,58,6.3,31,76,0.88,5791
Mysuru,Rice,65,36,61,71,6.0,28,70,0.73,5633
Mysuru,Rice,46,28,47,69,6.3,25,79,0.77,5558
Mysuru,Rice,76,42,40,67,6.0,35,72,0.77,5476
Mysuru,Rice,71,50,45,55,6.0,34,70,0.84,5690
Mysuru,Rice,48,48,65,69,6.8,28,72,0.87,5761
Mysuru,Rice,69,29,49,74,6.2,32,83,0.74,5418
Mysuru,Rice,62,39,66,78,5.8,35,82,0.8,5615
Mysuru,Rice,68,43,61,57,5.8,26,84,0.76,5623
Mysuru,Rice,69,38,66,75,6.4,30,89,0.82,5744
Mysuru,Rice,78,33,57,66,6.0,28,83,0.83,5724
Mysuru,Rice,67,28,57,74,6.5,33,88,0.84,5758
Mysuru,Rice,64,47,65,60,5.6,31,90,0.73,5483
Mysuru,Rice,67,32,64,62,5.6,32,89,0.73,5421
Mysuru,Rice,74,46,41,71,6.4,26,79,0.75,5623
Mysuru,Rice,63,42,47,66,5.5,27,82,0.85,5569
Mysuru,Rice,65,25,51,70,5.7,29,77,0.71,5403
Mysuru,Rice,47,33,65,57,5.9,30,85,0.74,5507
Mysuru,Rice,51,41,67,78,5.9,28,73,0.77,5706
Mysuru,Rice,64,34,70,62,5.8,27,83,0.73,5464
Mysuru,Rice,60,40,70,64,6.2,33,73,0.77,5533
Mysuru,Rice,74,34,46,80,6.3,26,74,0.88,5838
Mysuru,Rice,49,29,65,64,5.5,28,88,0.86,5710
Mysuru,Rice,47,46,68,58,5.9,26,81,0.83,5682
Mysuru,Rice,72,35,64,66,6.7,26,72,0.76,5794
Mysuru,Rice,79,33,59,78,5.7,31,72,0.81,5873
Mysuru,Rice,77,28,62,65,6.5,29,84,0.71,5619
Mysuru,Rice,74,30,41,59,6.9,25,90,0.85,5565
Mysuru,Rice,57,44,50,75,5.9,30,71,0.89,5789
Mysuru,Rice,70,32,60,64,6.4,33,90,0.8,5523
Mysuru,Rice,48,26,65,76,6.2,27,88,0.77,5521
Mysuru,Rice,47,37,52,64,6.9,31,75,0.89,5466
Mysuru,Rice,76,46,47,61,6.6,30,86,0.82,5829
Mysuru,Rice,46,44,67,60,6.7,27,70,0.75,5581
Mysuru,Rice,54,30,46,58,6.2,26,81,0.82,5420
Mysuru,Rice,80,29,68,78,6.2,30,81,0.71,5688
Mysuru,Rice,68,50,65,61,6.8,34,77,0.9,5626
Mysuru,Rice,53,25,47,78,5.8,32,76,0.74,5479
Mysuru,Rice,48,25,65,76,5.8,30,89,0.81,5590
Mysuru,Rice,75,41,66,68,6.6,25,90,0.82,5791
Mysuru,Rice,53,40,42,59,6.3,25,89,0.71,5560
Mysuru,Rice,77,40,63,68,5.9,31,83,0.76,5815
Mysuru,Rice,66,41,45,56,6.0,32,90,0.74,5556
Mysuru,Rice,56,27,64,67,6.2,25,75,0.84,5638
Mysuru,Rice,65,45,70,67,5.8,26,70,0.76,5686
Mysuru,Rice,80,32,65,73,6.0,34,87,0.81,5684
Mysuru,Rice,59,37,55,67,6.0,30,74,0.78,5682
Mysuru,Rice,61,26,42,77,6.3,30,79,0.84,5595
Mysuru,Rice,61,45,62,63,5.7,25,71,0.83,5678
Mysuru,Rice,68,48,59,77,6.9,31,76,0.77,5611
Mysuru,Rice,51,29,68,63,6.2,26,79,0.85,5614
Mysuru,Rice,61,28,52,63,6.3,31,86,0.8,5423
Mysuru,Rice,72,32,40,62,6.8,35,73,0.77,5398
Mysuru,Rice,57,47,62,75,5.6,28,90,0.86,5766
Mysuru,Rice,57,28,50,72,6.6,34,87,0.89,5573
Mysuru,Rice,51,29,66,68,6.0,25,90,0.71,5347
Mysuru,Rice,59,32,46,57,6.7,31,75,0.81,5511
Mysuru,Rice,55,43,46,55,6.8,34,74,0.71,5544
Mysuru,Rice,59,28,63,75,6.1,28,72,0.89,5556
Mysuru,Rice,74,28,45,64,6.1,26,78,0.71,5565
Mysuru,Rice,49,46,46,67,5.8,31,71,0.81,5651
Mysuru,Rice,80,29,45,61,6.0,27,76,0.86,5824
Mysuru,Rice,67,26,49,64,6.4,25,89,0.75,5386
Mysuru,Rice,55,46,56,56,6.1,30,87,0.81,5582
Mysuru,Rice,52,34,49,58,6.5,26,82,0.74,5304
Mysuru,Rice,69,36,66,79,5.7,31,71,0.86,5722
Mysuru,Rice,75,46,46,74,6.6,34,75,0.71,5753
Mysuru,Rice,56,43,63,72,6.5,27,88,0.85,5790
Mysuru,Rice,55,44,60,76,5.9,35,82,0.74,5641
Mysuru,Rice,66,42,49,69,6.1,27,71,0.79,5559
Mysuru,Rice,64,35,53,73,6.1,30,85,0.83,5511
Mysuru,Rice,55,43,60,70,6.2,30,80,0.84,5602
Mysuru,Rice,65,40,63,57,6.2,27,88,0.77,5552
Mysuru,Rice,55,34,58,63,6.3,34,84,0.82,5376
Mysuru,Rice,79,36,62,78,5.9,32,71,0.89,5707
Mysuru,Rice,69,47,70,55,6.2,31,88,0.79,5571
Mysuru,Rice,54,44,62,69,5.9,31,86,0.8,5634
Mysuru,Rice,57,49,42,76,6.2,32,75,0.83,5535
Mysuru,Rice,59,34,51,64,6.6,31,83,0.87,5637
Mysuru,Rice,61,33,50,68,6.9,25,88,0.84,5689
Mysuru,Rice,45,29,50,73,6.7,26,78,0.86,5431
Mysuru,Rice,60,33,57,60,6.2,28,80,0.71,5499
Mysuru,Rice,70,35,63,75,6.9,27,89,0.85,5797
Mysuru,Rice,66,25,54,70,6.5,34,89,0.74,5469
Mysuru,Rice,59,39,59,66,6.4,25,74,0.77,5480
Mysuru,Rice,78,36,59,55,5.6,26,77,0.8,5750
Mysuru,Rice,60,37,52,60,7.0,25,70,0.89,5664
Mysuru,Rice,66,27,65,72,6.1,35,70,0.73,5533
Mysuru,Rice,58,29,51,74,6.7,26,80,0.85,5557
Mysuru,Rice,49,31,69,65,5.7,27,82,0.84,5677
Mysuru,Rice,77,25,51,58,6.2,29,79,0.72,5424
Mysuru,Rice,45,37,55,57,6.0,31,79,0.82,5487
Mysuru,Rice,61,47,55,68,5.6,31,70,0.88,5618
Mysuru,Rice,60,50,59,64,6.7,34,88,0.71,5493
Mysuru,Rice,59,41,59,70,5.8,28,89,0.87,5821
Mysuru,Rice,47,41,48,56,6.3,35,89,0.86,5296
Mysuru,Rice,63,37,46,55,6.2,29,89,0.71,5616
Mysuru,Rice,79,35,50,55,5.6,26,80,0.86,5534
Mysuru,Rice,47,50,53,80,6.8,33,75,0.82,5604
Mysuru,Rice,50,25,40,70,6.8,35,70,0.71,5268
Mysuru,Sugarcane,86,60,71,77,6.6,32,81,0.91,8783
Mysuru,Sugarcane,98,51,84,62,7.0,33,72,0.87,8758
Mysuru,Sugarcane,61,38,61,69,6.2,32,66,0.81,8489
Mysuru,Sugarcane,63,47,50,81,6.3,36,81,0.89,8373
Mysuru,Sugarcane,71,47,87,84,6.1,36,80,0.85,8464
Mysuru,Sugarcane,87,39,70,77,6.3,29,83,0.87,8751
Mysuru,Sugarcane,64,56,54,81,6.5,30,80,0.88,8640
Mysuru,Sugarcane,90,35,73,60,6.9,36,75,0.85,8561
Mysuru,Sugarcane,64,39,71,69,7.0,34,78,0.79,8522
Mysuru,Sugarcane,90,43,62,72,7.5,29,67,0.88,8662
Mysuru,Sugarcane,97,43,65,71,6.1,36,83,0.81,8621
Mysuru,Sugarcane,87,40,56,79,6.3,33,68,0.87,8473
Mysuru,Sugarcane,81,57,71,73,7.4,36,72,0.82,8737
Mysuru,Sugarcane,74,51,57,81,7.4,31,70,0.82,8571
Mysuru,Sugarcane,79,43,65,62,7.0,33,73,0.81,8515
Mysuru,Sugarcane,97,43,63,85,6.9,26,66,0.87,8916
Mysuru,Sugarcane,78,39,57,79,6.7,25,71,0.77,8406
Mysuru,Sugarcane,66,38,72,79,6.1,37,72,0.9,8604
Mysuru,Sugarcane,96,32,66,60,6.2,28,78,0.82,8650
Mysuru,Sugarcane,87,32,78,71,7.2,29,69,0.91,8836
Mysuru,Sugarcane,71,53,85,79,6.4,27,83,0.84,8722
Mysuru,Sugarcane,92,35,78,82,7.4,26,65,0.86,8786
Mysuru,Sugarcane,96,50,69,76,7.3,26,72,0.79,8791
Mysuru,Sugarcane,77,60,51,64,6.1,31,76,0.9,8633
Mysuru,Sugarcane,79,55,69,70,6.5,27,68,0.79,8593
Mysuru,Sugarcane,85,34,50,75,6.1,34,65,0.88,8665
Mysuru,Sugarcane,89,49,87,67,6.3,32,78,0.89,8645
Mysuru,Sugarcane,75,56,68,71,6.3,30,69,0.8,8514
Mysuru,Sugarcane,99,37,72,65,6.0,31,75,0.79,8526
Mysuru,Sugarcane,75,55,56,77,6.5,27,68,0.88,8586
Mysuru,Sugarcane,61,31,90,62,7.4,31,79,0.82,8454
Mysuru,Sugarcane,75,33,62,71,6.4,34,68,0.88,8520
Mysuru,Sugarcane,78,37,55,61,7.4,28,81,0.78,8565
Mysuru,Sugarcane,71,35,63,74,7.4,38,69,0.82,8518
Mysuru,Sugarcane,89,34,66,68,7.0,31,77,0.77,8500
Mysuru,Sugarcane,90,60,69,78,6.7,37,70,0.81,8622
Mysuru,Sugarcane,68,31,75,85,6.2,32,70,0.85,8629
Mysuru,Sugarcane,69,39,84,72,6.2,28,75,0.75,8541
Mysuru,Sugarcane,86,35,51,72,6.4,25,79,0.86,8473
Mysuru,Sugarcane,83,37,88,83,7.2,27,85,0.87,8652
Mysuru,Sugarcane,67,42,67,68,6.6,31,78,0.76,8514
Mysuru,Sugarcane,73,50,55,64,6.3,34,77,0.76,8501
Mysuru,Sugarcane,65,34,87,72,6.9,27,68,0.79,8591
Mysuru,Sugarcane,81,38,85,64,6.8,29,69,0.89,8720
Mysuru,Sugarcane,79,59,55,68,6.6,30,72,0.81,8747
Mysuru,Sugarcane,83,39,90,65,6.9,31,73,0.91,8675
Mysuru,Sugarcane,82,50,56,76,6.8,30,77,0.8,8613
Mysuru,Sugarcane,67,40,52,79,6.4,26,78,0.91,8582
Mysuru,Sugarcane,99,48,89,61,6.3,36,76,0.89,8779
Mysuru,Sugarcane,100,30,81,79,7.1,37,71,0.88,8639
Mysuru,Sugarcane,73,32,55,69,7.1,28,74,0.82,8568
Mysuru,Sugarcane,79,38,83,65,7.0,35,81,0.82,8658
Mysuru,Sugarcane,60,32,58,71,6.9,27,72,0.8,8505
Mysuru,Sugarcane,78,45,74,75,6.8,38,85,0.9,8437
Mysuru,Sugarcane,96,44,76,70,6.9,31,66,0.83,8678
Mysuru,Sugarcane,74,46,77,85,6.1,38,72,0.78,8620
Mysuru,Sugarcane,75,42,63,70,6.7,35,84,0.79,8426
Mysuru,Sugarcane,76,57,81,83,7.2,37,81,0.91,8597
Mysuru,Sugarcane,100,43,79,68,7.1,28,69,0.84,8819
Mysuru,Sugarcane,62,37,87,81,7.0,37,78,0.78,8582
Mysuru,Sugarcane,86,43,63,75,6.1,30,73,0.9,8725
Mysuru,Sugarcane,66,57,68,69,6.8,25,78,0.91,8532
Mysuru,Sugarcane,95,59,68,66,7.5,37,65,0.82,8676
Mysuru,Sugarcane,78,46,76,63,7.1,28,70,0.77,8743
Mysuru,Sugarcane,74,32,71,81,6.7,36,67,0.81,8609
Mysuru,Sugarcane,85,46,76,76,6.0,38,73,0.87,8463
Mysuru,Sugarcane,72,42,53,85,6.1,37,74,0.87,8452
Mysuru,Sugarcane,95,30,80,75,6.4,25,73,0.89,8677
Mysuru,Sugarcane,87,54,77,60,7.2,28,71,0.77,8560
Mysuru,Sugarcane,71,57,66,82,7.1,25,71,0.91,8809
Mysuru,Sugarcane,80,31,61,76,7.3,30,84,0.82,8661
Mysuru,Sugarcane,77,46,73,69,6.0,27,72,0.9,8558
Mysuru,Sugarcane,83,55,79,65,6.2,25,78,0.82,8636
Mysuru,Sugarcane,88,48,78,70,7.1,30,74,0.83,8718
Mysuru,Sugarcane,64,48,78,82,6.6,37,68,0.75,8556
Mysuru,Sugarcane,69,45,53,79,6.9,28,66,0.77,8483
Mysuru,Sugarcane,94,59,66,61,6.5,32,68,0.88,8838
Mysuru,Sugarcane,65,42,68,81,7.3,32,74,0.85,8559
Mysuru,Sugarcane,97,35,64,85,6.5,25,65,0.8,8785
Mysuru,Sugarcane,77,56,54,70,7.0,37,85,0.83,8533
Mysuru,Sugarcane,78,57,64,63,7.1,34,83,0.81,8488
Mysuru,Sugarcane,65,35,53,73,6.8,33,81,0.79,8237
Mysuru,Sugarcane,93,58,51,62,6.5,33,67,0.85,8577
Mysuru,Sugarcane,65,41,86,74,7.3,31,77,0.89,8601
Mysuru,Sugarcane,77,40,75,70,6.7,30,67,0.8,8568
Mysuru,Sugarcane,93,59,60,65,7.3,32,73,0.78,8530
Mysuru,Sugarcane,98,45,64,65,6.1,33,71,0.84,8662
Mysuru,Sugarcane,60,43,52,79,6.5,27,71,0.77,8462
Mysuru,Sugarcane,83,46,89,81,6.8,37,72,0.75,8704
Mysuru,Sugarcane,89,34,70,63,6.5,35,70,0.86,8692
Mysuru,Sugarcane,73,50,60,61,7.5,25,80,0.81,8377
Mysuru,Sugarcane,66,57,82,72,6.3,38,83,0.82,8633
Mysuru,Sugarcane,70,44,60,65,6.1,27,77,0.81,8623
Mysuru,Sugarcane,82,52,52,80,7.5,27,70,0.83,8726
Mysuru,Sugarcane,93,40,70,66,7.4,27,65,0.83,8641
Mysuru,Sugarcane,96,60,56,82,7.1,38,80,0.8,8567
Mysuru,Sugarcane,72,40,75,73,7.3,36,82,0.87,8577
Mysuru,Sugarcane,100,56,60,69,6.6,26,71,0.76,8835
Mysuru,Sugarcane,64,52,73,62,6.9,33,80,0.8,8538
Mysuru,Sugarcane,71,46,82,73,6.9,29,66,0.84,8726
Mysuru,Maize,69,43,53,45,6.6,26,80,0.83,5204
Mysuru,Maize,57,43,58,60,6.3,27,56,0.7,5036
Mysuru,Maize,76,34,53,65,6.0,20,65,0.79,5138
Mysuru,Maize,61,30,53,67,6.9,23,66,0.67,4892
Mysuru,Maize,74,34,41,60,6.1,28,55,0.72,5160
Mysuru,Maize,65,32,40,57,6.7,32,56,0.74,4901
Mysuru,Maize,80,28,45,59,6.3,31,68,0.75,5095
Mysuru,Maize,71,45,69,47,6.3,24,57,0.74,5202
Mysuru,Maize,76,25,59,63,6.8,27,73,0.78,5266
Mysuru,Maize,76,41,53,57,6.8,28,70,0.79,5402
Mysuru,Maize,56,44,40,47,6.3,23,70,0.68,4807
Mysuru,Maize,56,30,62,65,7.1,23,78,0.84,5262
Mysuru,Maize,76,41,46,59,6.8,29,57,0.85,5285
Mysuru,Maize,68,28,69,46,6.7,20,65,0.69,5151
Mysuru,Maize,58,40,40,68,6.5,27,70,0.82,5279
Mysuru,Maize,70,38,65,52,7.1,32,57,0.84,5231
Mysuru,Maize,50,31,68,51,6.1,27,79,0.7,4987
Mysuru,Maize,59,32,58,47,6.3,25,77,0.72,5124
Mysuru,Maize,70,25,56,45,6.0,21,79,0.82,5052
Mysuru,Maize,51,34,60,49,7.0,25,67,0.74,5043
Mysuru,Maize,58,44,61,58,7.0,24,76,0.68,4937
Mysuru,Maize,71,25,50,62,7.1,30,73,0.66,4977
Mysuru,Maize,67,25,54,53,6.3,26,71,0.69,4939
Mysuru,Maize,50,39,42,55,6.8,21,59,0.67,4789
Mysuru,Maize,56,38,63,67,7.0,29,74,0.7,5194
Mysuru,Maize,51,25,50,51,6.8,28,74,0.74,4864
Mysuru,Maize,51,39,61,61,6.3,27,66,0.81,5283
Mysuru,Maize,73,27,61,56,6.0,25,70,0.79,5209
Mysuru,Maize,79,43,69,58,7.2,21,73,0.72,5144
Mysuru,Maize,70,26,64,70,6.2,23,57,0.67,5199
Mysuru,Maize,64,31,69,64,5.8,25,66,0.78,5141
Mysuru,Maize,71,29,42,63,6.3,31,64,0.7,5044
Mysuru,Maize,62,40,59,51,6.0,32,71,0.75,5189
Mysuru,Maize,75,26,70,55,6.0,29,76,0.71,5302
Mysuru,Maize,70,29,60,59,7.2,25,61,0.8,5234
Mysuru,Maize,78,38,53,63,7.1,29,77,0.8,5254
Mysuru,Maize,61,26,49,70,6.7,21,65,0.7,4910
Mysuru,Maize,65,43,68,45,6.4,22,80,0.77,5113
Mysuru,Maize,62,40,52,58,7.1,22,70,0.72,4965
Mysuru,Maize,62,25,47,60,6.4,24,76,0.77,5170
Mysuru,Maize,53,39,46,62,6.3,25,60,0.77,5198
Mysuru,Maize,80,30,56,59,5.9,23,75,0.78,5340
Mysuru,Maize,61,33,70,55,6.4,20,79,0.77,5069
Mysuru,Maize,52,26,49,50,5.9,29,66,0.8,5153
Mysuru,Maize,61,42,59,51,6.0,30,58,0.78,5090
Mysuru,Maize,53,25,69,47,5.9,28,69,0.66,4862
Mysuru,Maize,67,34,41,60,7.1,23,61,0.85,5051
Mysuru,Maize,58,38,44,66,6.8,31,60,0.66,5094
Mysuru,Maize,66,43,47,64,6.4,28,80,0.78,5085
Mysuru,Maize,75,25,41,49,6.9,27,58,0.77,5004
Mysuru,Maize,63,31,64,66,6.4,32,80,0.68,4968
Mysuru,Maize,77,38,51,48,6.7,28,62,0.65,5107
Mysuru,Maize,64,36,47,63,6.1,20,74,0.72,5044
Mysuru,Maize,71,41,52,49,6.3,32,79,0.7,5017
Mysuru,Maize,63,38,58,70,5.9,27,55,0.83,5385
Mysuru,Maize,79,38,44,52,6.7,32,79,0.71,5058
Mysuru,Maize,52,36,54,70,6.9,32,78,0.79,5133
Mysuru,Maize,64,31,64,63,6.3,23,64,0.69,5034
Mysuru,Maize,53,39,49,48,6.8,23,77,0.73,4870
Mysuru,Maize,74,44,61,49,6.4,23,59,0.85,5208
Mysuru,Maize,57,30,48,58,6.5,26,60,0.75,4960
Mysuru,Maize,66,41,50,59,6.1,27,60,0.76,5057
Mysuru,Maize,75,27,62,46,6.3,23,61,0.74,5136
Mysuru,Maize,71,28,58,55,6.5,25,64,0.79,5258
Mysuru,Maize,56,43,57,45,6.2,25,58,0.73,5058
Mysuru,Maize,66,43,40,51,7.1,27,61,0.65,5181
Mysuru,Maize,77,25,66,69,6.8,30,72,0.84,5459
Mysuru,Maize,66,41,53,46,7.0,24,58,0.69,5056
Mysuru,Maize,57,36,47,46,6.2,25,76,0.75,4939
Mysuru,Maize,69,34,43,47,7.0,30,79,0.69,4953
Mysuru,Maize,73,26,60,53,6.3,30,62,0.73,5231
Mysuru,Maize,77,41,67,49,7.0,23,72,0.71,5033
Mysuru,Maize,61,27,42,58,6.0,21,63,0.65,4827
Mysuru,Maize,63,30,64,52,6.2,30,64,0.71,5088
Mysuru,Maize,78,45,70,70,6.3,28,76,0.78,5545
Mysuru,Maize,70,31,61,59,6.9,28,73,0.65,5237
Mysuru,Maize,58,34,64,67,6.4,29,68,0.76,5089
Mysuru,Maize,80,29,48,56,6.7,20,72,0.84,5044
Mysuru,Maize,58,40,68,67,7.1,22,72,0.68,5230
Mysuru,Maize,60,43,52,46,6.3,27,59,0.7,4969
Mysuru,Maize,69,44,42,45,6.5,24,67,0.84,5220
Mysuru,Maize,66,26,59,50,6.1,26,78,0.79,5039
Mysuru,Maize,60,43,57,70,6.0,23,63,0.82,5175
Mysuru,Maize,78,28,66,54,6.6,27,67,0.85,5433
Mysuru,Maize,69,42,62,52,6.2,20,69,0.7,5066
Mysuru,Maize,77,36,70,58,6.7,29,55,0.69,5220
Mysuru,Maize,74,44,46,53,6.2,26,76,0.82,5352
Mysuru,Maize,68,28,64,70,6.1,26,66,0.71,5221
Mysuru,Maize,72,41,60,59,6.8,31,56,0.72,5343
Mysuru,Maize,51,41,56,57,6.1,23,78,0.77,5051
Mysuru,Maize,78,43,67,50,7.0,27,80,0.84,5473
Mysuru,Maize,72,31,67,55,7.2,20,62,0.73,5105
Mysuru,Maize,51,32,44,56,6.1,31,63,0.74,4891
Mysuru,Maize,76,35,54,70,6.1,20,69,0.7,5224
Mysuru,Maize,60,25,51,50,6.3,27,65,0.84,5124
Mysuru,Maize,78,28,44,61,6.9,30,80,0.77,5331
Mysuru,Maize,67,44,64,63,6.4,28,78,0.84,5321
Mysuru,Maize,75,26,55,59,6.7,20,71,0.71,5063
Mysuru,Maize,80,32,50,61,7.0,24,75,0.72,5296
Mysuru,Maize,55,39,58,51,6.7,29,78,0.69,4963
Mysuru,Wheat,49,40,44,65,6.5,25,54,0.78,4430
Mysuru,Wheat,57,38,40,45,6.6,24,56,0.69,4462
Mysuru,Wheat,44,21,41,59,7.0,22,60,0.8,4366
Mysuru,Wheat,45,25,53,60,7.2,23,65,0.79,4230
Mysuru,Wheat,52,32,64,43,7.1,19,61,0.78,4187
Mysuru,Wheat,63,38,53,53,6.1,27,67,0.64,4587
Mysuru,Wheat,61,35,41,59,7.0,24,74,0.75,4564
Mysuru,Wheat,50,30,51,63,7.3,19,52,0.74,4455
Mysuru,Wheat,65,34,37,53,6.9,27,53,0.73,4358
Mysuru,Wheat,56,39,50,46,6.0,20,54,0.72,4230
Mysuru,Wheat,49,28,41,61,7.5,27,66,0.79,4394
Mysuru,Wheat,68,30,42,55,7.1,19,67,0.69,4306
Mysuru,Wheat,41,39,44,63,6.1,22,75,0.76,4458
Mysuru,Wheat,63,29,54,46,6.9,16,71,0.69,4130
Mysuru,Wheat,48,39,58,57,6.8,27,51,0.67,4375
Mysuru,Wheat,50,25,40,64,7.3,28,55,0.81,4332
Mysuru,Wheat,56,38,64,47,6.3,23,61,0.65,4309
Mysuru,Wheat,65,26,54,59,6.9,21,67,0.72,4275
Mysuru,Wheat,59,25,38,61,6.7,17,50,0.79,4386
Mysuru,Wheat,55,30,61,48,6.9,18,74,0.71,4376
Mysuru,Wheat,54,34,55,40,6.0,28,69,0.75,4379
Mysuru,Wheat,62,38,47,52,6.3,16,73,0.82,4465
Mysuru,Wheat,47,30,37,42,6.5,15,50,0.64,3964
Mysuru,Wheat,69,30,40,59,6.4,20,70,0.63,4453
Mysuru,Wheat,40,36,42,56,6.9,24,50,0.64,4375
Mysuru,Wheat,51,25,62,54,6.1,18,70,0.68,4284
Mysuru,Wheat,45,39,50,59,6.5,24,58,0.75,4452
Mysuru,Wheat,68,24,54,40,6.0,16,50,0.67,4324
Mysuru,Wheat,42,40,54,51,6.6,19,58,0.69,4178
Mysuru,Wheat,47,27,42,41,6.1,18,53,0.6,4030
Mysuru,Wheat,47,26,54,43,7.3,22,71,0.81,4372
Mysuru,Wheat,59,27,49,48,7.3,24,56,0.68,4413
Mysuru,Wheat,48,20,64,42,6.2,20,55,0.64,4193
Mysuru,Wheat,63,23,36,54,6.8,20,62,0.81,4235
Mysuru,Wheat,64,25,44,60,7.3,23,53,0.63,4278
Mysuru,Wheat,58,24,52,60,6.1,24,64,0.8,4560
Mysuru,Wheat,69,25,48,50,6.3,16,62,0.74,4349
Mysuru,Wheat,44,30,44,40,7.0,20,59,0.63,4139
Mysuru,Wheat,54,31,49,51,6.8,24,55,0.6,4186
Mysuru,Wheat,62,24,56,45,7.2,23,74,0.73,4479
Mysuru,Wheat,67,27,38,49,7.2,19,65,0.76,4312
Mysuru,Wheat,47,21,62,49,6.9,20,53,0.62,4144
Mysuru,Wheat,68,23,42,64,6.7,28,75,0.78,4599
Mysuru,Wheat,41,31,43,46,7.0,27,58,0.63,4277
Mysuru,Wheat,64,29,62,45,6.5,23,56,0.63,4275
Mysuru,Wheat,63,27,42,42,6.5,27,71,0.68,4523
Mysuru,Wheat,54,24,37,49,6.9,25,67,0.77,4459
Mysuru,Wheat,46,35,53,46,7.0,25,66,0.74,4498
Mysuru,Wheat,53,31,45,65,6.1,23,53,0.64,4384
Mysuru,Wheat,48,36,48,54,6.6,21,59,0.65,4138
Mysuru,Wheat,55,35,39,62,6.8,23,67,0.76,4559
Mysuru,Wheat,68,25,38,62,7.1,22,66,0.8,4472
Mysuru,Wheat,45,31,38,56,6.1,26,71,0.77,4224
Mysuru,Wheat,54,21,54,51,6.9,16,56,0.61,4309
Mysuru,Wheat,52,40,41,53,6.6,21,57,0.74,4306
Mysuru,Wheat,59,38,37,51,6.4,22,63,0.74,4339
Mysuru,Wheat,43,37,44,48,7.0,22,68,0.75,4326
Mysuru,Wheat,48,27,45,43,7.1,24,57,0.72,4162
Mysuru,Wheat,46,25,39,63,6.2,25,65,0.76,4216
Mysuru,Wheat,67,24,41,48,7.0,26,60,0.68,4448
Mysuru,Wheat,66,28,39,41,6.5,15,58,0.67,4275
Mysuru,Wheat,50,40,56,51,6.5,15,72,0.78,4237
Mysuru,Wheat,46,31,62,48,6.1,20,64,0.63,4152
Mysuru,Wheat,54,28,60,56,7.4,16,63,0.66,4264
Mysuru,Wheat,66,25,48,50,6.4,17,50,0.75,4415
Mysuru,Wheat,54,21,49,42,6.9,20,59,0.76,4261
Mysuru,Wheat,48,25,48,45,7.0,20,61,0.66,4284
Mysuru,Wheat,41,26,42,49,7.1,25,59,0.82,4283
Mysuru,Wheat,64,21,63,41,6.2,25,51,0.62,4210
Mysuru,Wheat,42,32,37,58,6.8,21,52,0.81,4323
Mysuru,Wheat,67,39,43,49,6.5,26,73,0.76,4650
Mysuru,Wheat,66,24,50,46,7.3,16,55,0.74,4410
Mysuru,Wheat,65,24,41,43,6.6,18,60,0.81,4384
Mysuru,Wheat,50,38,38,52,6.3,18,58,0.72,4169
Mysuru,Wheat,64,21,37,49,7.0,19,71,0.7,4116
Mysuru,Wheat,65,22,57,48,7.0,16,52,0.77,4241
Mysuru,Wheat,51,30,63,62,6.9,24,52,0.65,4349
Mysuru,Wheat,59,35,41,46,6.5,15,72,0.8,4173
Mysuru,Wheat,61,27,35,47,6.4,28,68,0.64,4278
Mysuru,Wheat,69,21,55,51,7.4,26,72,0.79,4470
Mysuru,Wheat,59,32,48,61,6.4,18,70,0.77,4374
Mysuru,Wheat,62,34,49,48,7.0,20,54,0.69,4359
Mysuru,Wheat,43,28,58,51,7.0,17,70,0.8,4174
Mysuru,Wheat,70,38,55,49,7.0,19,64,0.67,4352
Mysuru,Wheat,67,40,38,41,7.1,17,58,0.62,4249
Mysuru,Wheat,70,39,55,40,7.3,22,56,0.79,4625
Mysuru,Wheat,68,27,60,60,6.4,23,70,0.77,4396
Mysuru,Wheat,70,30,38,61,6.8,20,52,0.66,4275
Mysuru,Wheat,42,27,64,45,6.9,26,73,0.81,4361
Mysuru,Wheat,49,36,52,40,6.0,15,56,0.8,4237
Mysuru,Wheat,59,28,51,56,6.7,18,67,0.76,4433
Mysuru,Wheat,51,24,46,50,6.1,24,60,0.77,4344
Mysuru,Wheat,65,31,38,63,6.4,15,63,0.78,4496
Mysuru,Wheat,55,33,39,54,7.2,24,63,0.72,4413
Mysuru,Wheat,57,38,35,60,6.8,17,51,0.63,4204
Mysuru,Wheat,68,36,60,47,6.4,28,62,0.65,4488
Mysuru,Wheat,62,29,44,42,6.9,21,74,0.79,4249
Mysuru,Wheat,48,40,61,48,6.9,15,69,0.79,4314
Mysuru,Wheat,59,29,46,60,6.2,25,51,0.82,4607
Mysuru,Wheat,46,34,61,51,7.0,26,72,0.67,4259
Mandya,Rice,71,49,63,79,5.7,30,84,0.82,5830
Mandya,Rice,62,41,68,61,6.7,33,70,0.82,5594
Mandya,Rice,56,34,46,68,5.8,28,82,0.82,5637
Mandya,Rice,75,35,56,78,6.4,26,80,0.84,5716
Mandya,Rice,61,34,66,58,5.6,29,74,0.75,5666
Mandya,Rice,62,31,41,71,6.6,33,70,0.79,5398
Mandya,Rice,72,46,61,75,6.7,34,86,0.82,5575
Mandya,Rice,58,42,40,75,5.9,29,80,0.76,5618
Mandya,Rice,55,50,65,63,7.0,31,88,0.83,5484
Mandya,Rice,64,25,68,80,6.3,35,76,0.86,5514
Mandya,Rice,55,44,44,57,6.9,34,78,0.75,5566
Mandya,Rice,67,29,69,56,5.8,30,77,0.79,5593
Mandya,Rice,60,38,62,67,6.4,32,73,0.74,5410
Mandya,Rice,66,47,68,74,6.7,34,73,0.82,5808
Mandya,Rice,65,42,43,66,6.4,35,75,0.78,5618
Mandya,Rice,77,50,51,80,6.8,33,84,0.76,5816
Mandya,Rice,58,46,46,69,6.7,30,78,0.83,5596
Mandya,Rice,52,45,68,80,5.9,27,71,0.88,5654
Mandya,Rice,63,42,59,60,5.7,27,79,0.77,5605
Mandya,Rice,59,49,41,79,5.9,32,76,0.88,5795
Mandya,Rice,45,38,58,64,6.1,31,87,0.86,5445
Mandya,Rice,73,50,61,71,6.3,28,82,0.71,5602
Mandya,Rice,60,34,62,63,6.0,26,85,0.83,5623
Mandya,Rice,57,34,70,57,6.2,34,86,0.75,5391
Mandya,Rice,70,27,44,60,6.8,27,77,0.73,5570
Mandya,Rice,48,36,41,64,6.0,33,89,0.83,5452
Mandya,Rice,69,37,58,62,5.8,34,70,0.88,5513
Mandya,Rice,50,47,47,80,6.0,30,75,0.78,5714
Mandya,Rice,68,50,52,79,6.1,34,70,0.85,5827
Mandya,Rice,58,26,44,78,6.1,26,75,0.84,5555
Mandya,Rice,53,25,67,68,6.6,34,76,0.84,5589
Mandya,Rice,61,31,45,74,6.7,26,76,0.84,5726
Mandya,Rice,72,32,61,64,6.7,26,86,0.72,5547
Mandya,Rice,75,36,58,72,5.7,28,78,0.77,5752
Mandya,Rice,78,46,59,75,6.1,27,89,0.78,5689
Mandya,Rice,64,42,68,65,5.8,35,70,0.75,5540
Mandya,Rice,55,38,52,74,6.1,34,82,0.71,5518
Mandya,Rice,63,28,50,62,6.5,28,83,0.87,5735
Mandya,Rice,74,32,50,74,6.7,30,86,0.72,5567
Mandya,Rice,52,32,69,64,5.8,25,86,0.85,5644
Mandya,Rice,75,40,40,70,5.6,27,85,0.8,5546
Mandya,Rice,63,31,58,58,6.4,28,78,0.85,5615
Mandya,Rice,77,34,66,68,5.8,29,76,0.81,5740
Mandya,Rice,77,40,42,77,6.6,29,88,0.76,5578
Mandya,Rice,74,38,68,79,6.8,27,80,0.75,5686
Mandya,Rice,45,42,49,71,5.9,31,77,0.72,5382
Mandya,Rice,79,46,70,56,6.7,26,79,0.72,5800
Mandya,Rice,78,35,52,56,6.3,31,82,0.75,5585
Mandya,Rice,68,48,64,77,6.0,32,88,0.9,5651
Mandya,Rice,57,29,50,56,5.8,28,80,0.89,5495
Mandya,Rice,55,42,62,78,5.6,28,87,0.8,5723
Mandya,Rice,74,29,50,73,6.1,30,88,0.73,5677
Mandya,Rice,47,43,66,61,6.3,34,90,0.88,5504
Mandya,Rice,71,45,57,76,5.8,35,82,0.76,5498
Mandya,Rice,51,34,68,69,6.1,30,79,0.71,5517
Mandya,Rice,58,44,51,73,6.1,26,82,0.7,5537
Mandya,Rice,74,41,46,66,5.9,33,88,0.72,5523
Mandya,Rice,75,33,62,75,6.7,25,87,0.8,5682
Mandya,Rice,69,45,41,68,6.1,30,86,0.83,5742
Mandya,Rice,63,30,68,75,6.2,25,71,0.81,5569
Mandya,Rice,46,48,57,75,5.8,29,88,0.84,5540
Mandya,Rice,62,38,64,77,5.8,33,76,0.83,5708
Mandya,Rice,64,37,51,75,6.5,27,85,0.73,5463
Mandya,Rice,61,39,42,67,6.5,26,82,0.78,5689
Mandya,Rice,74,41,51,60,5.9,35,82,0.82,5643
Mandya,Rice,61,43,47,67,5.9,33,84,0.81,5618
Mandya,Rice,60,41,62,71,5.8,31,77,0.88,5709
Mandya,Rice,78,35,63,75,5.9,28,83,0.76,5703
Mandya,Rice,75,28,51,62,5.7,32,76,0.87,5764
Mandya,Rice,76,37,57,62,6.2,34,90,0.84,5590
Mandya,Rice,49,35,42,58,6.0,27,74,0.8,5461
Mandya,Rice,47,50,59,71,6.6,33,89,0.81,5465
Mandya,Rice,73,44,44,58,6.1,28,79,0.73,5743
Mandya,Rice,50,46,50,63,5.8,29,85,0.86,5558
Mandya,Rice,75,30,69,62,6.4,33,87,0.83,5589
Mandya,Rice,50,40,53,60,6.0,30,87,0.76,5593
Mandya,Rice,62,38,60,70,5.9,26,89,0.81,5672
Mandya,Rice,55,45,61,70,6.0,27,84,0.76,5700
Mandya,Rice,77,36,68,57,6.8,30,70,0.82,5553
Mandya,Rice,56,34,44,57,6.5,34,86,0.9,5590
Mandya,Rice,69,35,70,76,6.3,25,89,0.8,5850
Mandya,Rice,65,43,48,70,6.1,34,88,0.81,5615
Mandya,Rice,47,25,52,56,6.1,27,74,0.79,5444
Mandya,Rice,77,32,67,66,6.6,34,89,0.79,5658
Mandya,Rice,61,38,57,65,6.9,25,85,0.7,5572
Mandya,Rice,66,40,51,58,6.0,27,85,0.72,5536
Mandya,Rice,70,41,52,62,6.8,25,87,0.88,5698
Mandya,Rice,46,36,59,71,7.0,35,88,0.89,5632
Mandya,Rice,52,32,57,61,6.5,33,86,0.79,5503
Mandya,Rice,63,30,56,59,6.3,27,75,0.89,5678
Mandya,Rice,58,35,62,76,6.3,32,88,0.71,5694
Mandya,Rice,74,36,55,71,6.1,29,74,0.75,5640
Mandya,Rice,45,32,65,65,6.6,35,87,0.83,5327
Mandya,Rice,57,38,53,61,5.8,32,84,0.87,5521
Mandya,Rice,78,39,49,61,6.6,27,85,0.88,5719
Mandya,Rice,73,34,55,57,5.7,33,75,0.77,5619
Mandya,Rice,60,28,57,80,6.8,27,72,0.75,5483
Mandya,Rice,62,48,43,80,6.0,29,86,0.78,5745
Mandya,Rice,66,25,70,67,5.7,29,78,0.74,5701
Mandya,Rice,57,43,57,62,6.8,34,74,0.81,5571
Mandya,Sugarcane,96,37,88,64,6.8,37,71,0.78,8491
Mandya,Sugarcane,83,33,80,71,6.4,37,79,0.91,8599
Mandya,Sugarcane,71,50,74,76,7.3,34,83,0.75,8651
Mandya,Sugarcane,98,30,71,65,7.3,29,79,0.88,8818
Mandya,Sugarcane,75,47,88,70,7.3,34,83,0.84,8485
Mandya,Sugarcane,75,50,71,75,6.8,26,80,0.87,8557
Mandya,Sugarcane,92,58,84,66,6.5,33,67,0.92,8820
Mandya,Sugarcane,99,45,82,74,6.8,28,71,0.9,8718
Mandya,Sugarcane,87,36,62,80,6.7,28,84,0.86,8540
Mandya,Sugarcane,77,34,78,85,7.1,27,68,0.86,8788
Mandya,Sugarcane,75,30,76,82,6.4,31,85,0.83,8517
Mandya,Sugarcane,92,46,73,60,7.5,30,77,0.84,8525
Mandya,Sugarcane,83,46,58,66,6.6,28,73,0.77,8550
Mandya,Sugarcane,82,47,78,73,6.7,37,83,0.84,8542
Mandya,Sugarcane,90,40,79,75,6.4,25,69,0.91,8745
Mandya,Sugarcane,87,60,86,79,6.8,25,75,0.89,8790
Mandya,Sugarcane,92,36,88,69,6.3,30,72,0.9,8807
Mandya,Sugarcane,86,59,53,60,6.8,34,81,0.9,8751
Mandya,Sugarcane,86,54,74,60,6.9,26,84,0.82,8802
Mandya,Sugarcane,87,52,57,67,6.6,35,70,0.89,8702
Mandya,Sugarcane,91,49,73,82,6.6,29,69,0.85,8925
Mandya,Sugarcane,69,34,79,71,7.4,29,83,0.89,8552
Mandya,Sugarcane,78,36,56,63,6.9,32,66,0.79,8306
Mandya,Sugarcane,68,40,53,79,6.9,37,70,0.8,8419
Mandya,Sugarcane,99,46,86,78,6.0,35,77,0.76,8710
Mandya,Sugarcane,63,59,78,73,6.2,36,80,0.82,8604
Mandya,Sugarcane,81,30,50,73,6.3,38,66,0.8,8244
Mandya,Sugarcane,83,37,88,60,6.2,32,73,0.83,8702
Mandya,Sugarcane,87,54,61,68,6.4,30,84,0.87,8639
Mandya,Sugarcane,83,43,52,82,6.1,32,83,0.86,8659
Mandya,Sugarcane,63,44,87,73,7.0,34,68,0.76,8605
Mandya,Sugarcane,96,56,55,85,6.2,29,83,0.88,8668
Mandya,Sugarcane,93,53,86,63,7.3,28,66,0.92,8794
Mandya,Sugarcane,89,55,67,63,6.9,25,77,0.78,8758
Mandya,Sugarcane,82,44,64,82,7.1,38,77,0.91,8552
Mandya,Sugarcane,97,43,87,74,6.5,32,77,0.84,8837
Mandya,Sugarcane,99,57,52,66,7.0,30,72,0.85,8836
Mandya,Sugarcane,70,31,57,76,7.4,38,80,0.78,8323
Mandya,Sugarcane,93,53,50,66,7.2,25,73,0.84,8760
Mandya,Sugarcane,63,32,79,78,7.2,30,74,0.8,8450
Mandya,Sugarcane,64,47,89,69,7.4,31,82,0.92,8589
Mandya,Sugarcane,92,52,53,82,6.1,25,72,0.87,8695
Mandya,Sugarcane,100,55,88,69,6.3,31,77,0.83,8748
Mandya,Sugarcane,83,44,50,61,7.5,38,83,0.83,8294
Mandya,Sugarcane,75,34,56,80,6.5,28,65,0.88,8675
Mandya,Sugarcane,87,30,88,68,6.5,38,79,0.79,8388
Mandya,Sugarcane,89,55,72,64,6.6,27,72,0.85,8693
Mandya,Sugarcane,97,50,69,63,7.1,29,76,0.79,8762
Mandya,Sugarcane,65,48,68,62,6.3,27,76,0.86,8427
Mandya,Sugarcane,86,49,69,80,6.7,33,70,0.82,8729
Mandya,Sugarcane,68,54,81,85,6.4,27,80,0.78,8776
Mandya,Sugarcane,84,50,72,77,6.4,27,80,0.92,8715
Mandya,Sugarcane,64,35,70,74,6.2,28,70,0.91,8514
Mandya,Sugarcane,77,31,83,60,7.1,35,69,0.84,8377
Mandya,Sugarcane,98,53,55,83,7.1,27,79,0.76,8682
Mandya,Sugarcane,93,38,64,67,7.2,32,82,0.91,8560
Mandya,Sugarcane,99,54,69,84,7.1,27,78,0.8,8968
Mandya,Sugarcane,96,37,74,79,7.2,27,85,0.88,8870
Mandya,Sugarcane,89,51,71,77,7.4,31,72,0.77,8536
Mandya,Sugarcane,71,31,70,84,7.5,35,79,0.91,8664
Mandya,Sugarcane,100,48,77,83,7.2,34,69,0.83,8634
Mandya,Sugarcane,96,49,87,65,6.5,25,81,0.9,8690
Mandya,Sugarcane,88,38,50,75,6.8,28,68,0.87,8627
Mandya,Sugarcane,82,53,80,79,7.3,37,65,0.9,8566
Mandya,Sugarcane,68,37,88,72,7.4,36,69,0.91,8583
Mandya,Sugarcane,90,46,58,76,6.7,26,76,0.75,8729
Mandya,Sugarcane,66,58,89,68,7.1,33,69,0.89,8723
Mandya,Sugarcane,100,36,84,68,6.6,36,66,0.76,8675
Mandya,Sugarcane,81,46,89,66,6.3,35,81,0.87,8568
Mandya,Sugarcane,64,36,86,77,7.0,29,77,0.91,8484
Mandya,Sugarcane,76,33,87,70,6.4,38,67,0.89,8368
Mandya,Sugarcane,80,45,67,78,6.5,28,85,0.86,8717
Mandya,Sugarcane,85,53,60,67,6.9,29,69,0.87,8593
Mandya,Sugarcane,72,36,72,83,6.4,34,84,0.8,8551
Mandya,Sugarcane,90,39,80,65,7.4,36,68,0.8,8473
Mandya,Sugarcane,74,57,51,72,6.4,29,73,0.84,8555
Mandya,Sugarcane,61,54,69,65,6.4,29,77,0.78,8503
Mandya,Sugarcane,69,34,75,64,7.0,28,85,0.76,8584
Mandya,Sugarcane,89,51,81,70,7.0,34,75,0.88,8570
Mandya,Sugarcane,68,37,68,85,7.4,38,70,0.76,8274
Mandya,Sugarcane,62,45,75,85,6.4,38,70,0.85,8566
Mandya,Sugarcane,92,30,50,70,7.1,29,65,0.81,8639
Mandya,Sugarcane,67,40,57,60,6.9,26,74,0.84,8434
Mandya,Sugarcane,93,50,82,62,7.4,27,65,0.83,8851
Mandya,Sugarcane,66,55,56,81,7.2,36,85,0.86,8439
Mandya,Sugarcane,96,34,65,65,7.3,26,79,0.9,8591
Mandya,Sugarcane,70,60,87,85,6.8,25,66,0.88,8642
Mandya,Sugarcane,83,39,90,84,7.0,32,73,0.76,8571
Mandya,Sugarcane,76,48,61,85,7.0,25,73,0.76,8639
Mandya,Sugarcane,64,52,50,70,6.9,37,79,0.77,8445
Mandya,Sugarcane,99,60,62,67,6.5,29,84,0.78,8802
Mandya,Sugarcane,81,57,69,69,6.5,25,79,0.88,8546
Mandya,Sugarcane,60,43,56,79,6.7,37,66,0.85,8311
Mandya,Sugarcane,62,43,88,78,6.1,27,84,0.79,8447
Mandya,Sugarcane,77,31,68,70,6.5,36,76,0.87,8481
Mandya,Sugarcane,84,60,85,85,6.1,25,65,0.77,8885
Mandya,Sugarcane,84,37,73,61,7.1,35,72,0.87,8562
Mandya,Sugarcane,73,44,73,73,6.4,25,84,0.75,8512
Mandya,Sugarcane,91,49,79,80,6.3,33,69,0.91,8658
Mandya,Sugarcane,93,43,82,73,6.2,35,85,0.88,8809
Mandya,Maize,61,28,70,69,6.9,30,56,0.67,5181
Mandya,Maize,54,27,59,69,6.5,22,70,0.71,4979
Mandya,Maize,50,25,43,63,6.3,23,58,0.71,5005
Mandya,Maize,62,34,40,57,6.0,28,67,0.84,5147
Mandya,Maize,69,38,49,61,7.0,20,68,0.66,5124
Mandya,Maize,59,32,55,55,7.0,22,77,0.78,5064
Mandya,Maize,65,36,49,54,6.0,20,75,0.83,5201
Mandya,Maize,56,32,47,64,7.0,26,75,0.68,5142
Mandya,Maize,51,44,70,70,7.1,28,70,0.68,5181
Mandya,Maize,63,29,69,65,7.1,24,55,0.65,5058
Mandya,Maize,80,43,47,47,6.3,23,75,0.83,5233
Mandya,Maize,52,36,62,46,7.1,25,70,0.65,4842
Mandya,Maize,65,43,61,63,7.2,32,71,0.75,5158
Mandya,Maize,71,37,70,48,6.7,32,66,0.83,5271
Mandya,Maize,70,36,58,51,7.1,22,80,0.81,5165
Mandya,Maize,53,30,65,45,6.7,22,63,0.81,4894
Mandya,Maize,64,35,65,57,6.8,20,73,0.66,4982
Mandya,Maize,77,29,45,65,6.7,24,61,0.79,5121
Mandya,Maize,64,26,66,70,6.7,31,66,0.71,5091
Mandya,Maize,69,43,52,48,6.4,29,74,0.85,5100
Mandya,Maize,53,33,40,66,6.6,29,78,0.73,5000
Mandya,Maize,80,40,56,53,6.7,27,76,0.67,5300
Mandya,Maize,53,27,68,55,6.9,23,70,0.77,4947
Mandya,Maize,51,34,47,46,6.9,24,75,0.75,5090
Mandya,Maize,55,42,65,48,6.1,29,67,0.83,5154
Mandya,Maize,63,30,41,52,6.6,23,64,0.78,5026
Mandya,Maize,61,39,50,61,7.1,23,68,0.77,5092
Mandya,Maize,73,44,70,55,6.0,31,62,0.75,5251
Mandya,Maize,55,41,66,65,6.7,29,61,0.78,5283
Mandya,Maize,68,41,65,69,6.6,26,60,0.78,5183
Mandya,Maize,75,31,62,49,6.2,22,68,0.71,5233
Mandya,Maize,51,34,56,51,5.9,26,59,0.81,5187
Mandya,Maize,62,42,57,66,7.2,32,59,0.71,5155
Mandya,Maize,70,42,70,51,6.0,22,79,0.85,5116
Mandya,Maize,55,35,70,45,6.7,26,65,0.68,4997
Mandya,Maize,68,32,40,48,7.1,25,58,0.67,4927
Mandya,Maize,52,26,42,58,6.7,27,77,0.7,4916
Mandya,Maize,66,43,55,59,7.0,27,77,0.84,5232
Mandya,Maize,69,36,45,45,6.5,22,63,0.73,5097
Mandya,Maize,62,32,49,68,6.8,26,58,0.81,5067
Mandya,Maize,50,32,65,69,7.0,20,58,0.82,5033
Mandya,Maize,68,30,50,67,6.5,21,56,0.76,5159
Mandya,Maize,80,37,65,52,7.0,28,60,0.71,5182
Mandya,Maize,70,40,56,62,5.9,20,80,0.71,4994
Mandya,Maize,80,27,62,58,6.5,28,57,0.8,5286
Mandya,Maize,79,42,47,55,6.5,30,64,0.73,5164
Mandya,Maize,64,36,56,50,6.9,27,55,0.75,5118
Mandya,Maize,72,27,48,56,6.5,29,74,0.83,5296
Mandya,Maize,63,39,63,60,6.1,27,59,0.71,5090
Mandya,Maize,73,30,44,46,6.5,28,68,0.76,5106
Mandya,Maize,68,36,63,49,7.1,29,67,0.83,5187
Mandya,Maize,51,27,69,49,5.8,21,73,0.7,5036
Mandya,Maize,61,29,64,50,6.8,23,74,0.79,4957
Mandya,Maize,52,29,59,67,6.5,20,71,0.71,5039
Mandya,Maize,72,42,45,46,7.1,27,72,0.68,5184
Mandya,Maize,51,45,62,62,6.2,31,69,0.75,5186
Mandya,Maize,73,43,66,70,6.3,26,80,0.82,5289
Mandya,Maize,54,30,62,45,5.9,23,75,0.84,5048
Mandya,Maize,60,33,45,64,6.3,31,67,0.66,5133
Mandya,Maize,67,26,40,67,5.8,31,80,0.78,5248
Mandya,Maize,71,38,49,65,5.9,30,73,0.66,5106
Mandya,Maize,57,32,66,52,6.4,30,72,0.82,5265
Mandya,Maize,56,29,50,66,6.0,32,80,0.84,5179
Mandya,Maize,68,25,70,52,6.4,20,73,0.75,4975
Mandya,Maize,73,42,57,59,5.9,29,72,0.68,5178
Mandya,Maize,55,40,61,55,6.6,22,78,0.83,5165
Mandya,Maize,65,36,54,45,6.0,25,55,0.84,5035
Mandya,Maize,52,36,57,50,6.9,23,66,0.82,5128
Mandya,Maize,73,35,49,58,5.9,21,57,0.79,5223
Mandya,Maize,80,35,54,59,6.3,30,80,0.7,5267
Mandya,Maize,65,34,49,48,6.3,24,62,0.75,5008
Mandya,Maize,65,25,48,62,6.7,22,74,0.77,5040
Mandya,Maize,50,30,54,69,6.9,27,55,0.79,5117
Mandya,Maize,72,44,67,60,5.9,30,71,0.81,5451
Mandya,Maize,69,30,61,54,6.2,24,60,0.85,5253
Mandya,Maize,77,30,66,59,6.5,25,68,0.82,5153
Mandya,Maize,60,43,55,68,6.6,32,74,0.69,5129
Mandya,Maize,59,31,44,51,6.9,25,74,0.74,4984
Mandya,Maize,52,36,58,46,6.2,25,78,0.74,5092
Mandya,Maize,79,28,55,69,6.6,30,66,0.8,5185
Mandya,Maize,72,34,69,66,7.0,22,78,0.83,5313
Mandya,Maize,69,30,40,49,6.6,29,70,0.75,5067
Mandya,Maize,55,30,66,66,6.8,20,64,0.76,4922
Mandya,Maize,52,45,43,56,6.5,28,69,0.8,5151
Mandya,Maize,51,31,49,52,6.3,21,67,0.68,4914
Mandya,Maize,79,26,44,49,5.9,23,69,0.71,4961
Mandya,Maize,62,42,45,47,6.0,31,76,0.76,4983
Mandya,Maize,52,43,59,70,7.0,30,62,0.67,5213
Mandya,Maize,51,34,42,65,6.8,29,70,0.84,5225
Mandya,Maize,62,26,46,67,6.3,23,74,0.68,4960
Mandya,Maize,72,29,69,53,6.6,24,67,0.74,5301
Mandya,Maize,56,26,43,63,7.0,27,72,0.84,5115
Mandya,Maize,73,25,53,53,7.0,21,70,0.78,5222
Mandya,Maize,72,45,55,58,7.0,27,65,0.67,5168
Mandya,Maize,69,42,52,66,6.8,32,66,0.72,5213
Mandya,Maize,77,40,46,58,6.6,25,76,0.83,5231
Mandya,Maize,78,29,60,60,6.2,27,74,0.77,5249
Mandya,Maize,69,26,57,68,6.5,27,55,0.79,5331
Mandya,Maize,79,39,69,47,6.6,27,55,0.73,5260
Mandya,Maize,65,28,60,45,7.1,30,55,0.81,5157
Mandya,Wheat,53,20,54,48,6.5,15,50,0.79,4173
Mandya,Wheat,53,26,49,44,7.1,21,56,0.81,4305
Mandya,Wheat,67,22,56,65,6.0,18,52,0.77,4474
Mandya,Wheat,56,38,59,51,6.4,18,68,0.71,4418
Mandya,Wheat,52,28,51,53,7.0,27,58,0.74,4523
Mandya,Wheat,68,20,48,58,7.4,15,62,0.81,4279
Mandya,Wheat,54,36,49,60,6.6,23,70,0.8,4595
Mandya,Wheat,58,28,55,53,6.1,22,64,0.71,4428
Mandya,Wheat,62,36,40,47,6.6,21,69,0.75,4429
Mandya,Wheat,56,36,37,53,7.4,26,60,0.72,4471
Mandya,Wheat,55,30,57,42,6.8,21,65,0.75,4436
Mandya,Wheat,63,23,52,42,7.1,24,58,0.67,4428
Mandya,Wheat,60,33,52,45,7.2,16,61,0.8,4457
Mandya,Wheat,66,40,42,44,6.4,23,60,0.74,4512
Mandya,Wheat,58,31,55,59,6.3,23,50,0.68,4369
Mandya,Wheat,63,32,51,58,6.7,26,53,0.82,4407
Mandya,Wheat,69,31,51,46,6.6,21,67,0.81,4401
Mandya,Wheat,53,39,57,56,6.2,17,53,0.65,4199
Mandya,Wheat,59,20,55,57,6.6,22,63,0.71,4349
Mandya,Wheat,49,24,43,60,7.2,15,51,0.63,4122
Mandya,Wheat,62,23,56,58,7.2,24,64,0.79,4473
Mandya,Wheat,70,23,45,58,6.7,24,66,0.62,4255
Mandya,Wheat,47,24,57,62,6.8,25,56,0.8,4491
Mandya,Wheat,65,22,38,43,6.9,18,70,0.76,4121
Mandya,Wheat,68,36,60,44,6.2,20,54,0.69,4309
Mandya,Wheat,59,30,36,50,6.4,24,73,0.71,4217
Mandya,Wheat,66,31,48,49,7.5,21,71,0.71,4527
Mandya,Wheat,58,39,47,45,7.0,24,62,0.6,4219
Mandya,Wheat,41,26,45,45,6.2,15,52,0.68,4025
Mandya,Wheat,53,31,48,51,7.2,24,55,0.75,4476
Mandya,Wheat,69,35,42,48,7.5,19,59,0.79,4497
Mandya,Wheat,51,28,62,63,6.7,23,67,0.62,4412
Mandya,Wheat,63,40,56,48,7.4,15,64,0.64,4276
Mandya,Wheat,59,27,60,63,6.4,27,56,0.7,4550
Mandya,Wheat,45,25,50,65,6.4,17,56,0.7,4224
Mandya,Wheat,43,23,46,64,7.4,21,60,0.79,4289
Mandya,Wheat,62,30,46,58,7.5,21,60,0.63,4300
Mandya,Wheat,51,32,41,50,7.3,22,68,0.62,4345
Mandya,Wheat,53,40,54,55,7.2,16,56,0.66,4318
Mandya,Wheat,52,24,35,64,6.7,15,53,0.76,4276
Mandya,Wheat,62,30,57,54,6.0,21,59,0.66,4417
Mandya,Wheat,55,39,40,52,7.4,26,57,0.68,4488
Mandya,Wheat,60,21,59,53,6.4,17,60,0.64,4327
Mandya,Wheat,69,22,38,59,7.3,26,61,0.61,4442
Mandya,Wheat,54,26,35,50,6.3,20,70,0.67,4350
Mandya,Wheat,60,34,57,53,7.0,17,64,0.69,4289
Mandya,Wheat,43,38,37,53,7.1,25,65,0.61,4367
Mandya,Wheat,45,31,35,63,6.7,17,59,0.78,4327
Mandya,Wheat,47,26,61,48,6.9,15,69,0.75,4195
Mandya,Wheat,70,35,51,59,7.2,24,56,0.68,4610
Mandya,Wheat,45,39,44,44,6.8,15,63,0.62,4170
Mandya,Wheat,52,39,44,50,6.7,16,60,0.77,4228
Mandya,Wheat,55,40,47,59,7.5,19,73,0.61,4283
Mandya,Wheat,51,24,48,63,6.3,25,54,0.63,4410
Mandya,Wheat,70,37,45,47,7.5,20,67,0.72,4542
Mandya,Wheat,48,40,38,58,6.9,28,66,0.81,4587
Mandya,Wheat,54,23,43,50,6.4,17,71,0.74,4283
Mandya,Wheat,70,30,42,44,6.8,19,51,0.75,4230
Mandya,Wheat,61,28,46,51,6.8,27,53,0.79,4465
Mandya,Wheat,45,29,51,45,6.7,28,71,0.81,4440
Mandya,Wheat,48,20,43,63,6.2,25,62,0.74,4350
Mandya,Wheat,42,32,48,53,6.6,27,55,0.63,4323
Mandya,Wheat,44,22,44,50,6.4,23,75,0.77,4254
Mandya,Wheat,58,37,40,61,6.9,21,70,0.65,4353
Mandya,Wheat,40,38,50,62,7.1,28,52,0.8,4328
Mandya,Wheat,65,20,38,56,6.3,17,52,0.72,4237
Mandya,Wheat,58,28,46,52,7.4,17,54,0.76,4200
Mandya,Wheat,50,39,53,47,6.3,22,66,0.77,4233
Mandya,Wheat,65,26,53,49,6.6,21,75,0.77,4341
Mandya,Wheat,44,33,38,64,7.1,28,62,0.7,4343
Mandya,Wheat,49,37,45,53,7.3,28,75,0.76,4334
Mandya,Wheat,49,26,60,56,6.5,28,72,0.71,4427
Mandya,Wheat,46,26,61,51,7.4,16,68,0.66,4109
Mandya,Wheat,42,40,35,62,6.7,17,73,0.63,4152
Mandya,Wheat,40,21,46,60,7.3,27,63,0.62,4179
Mandya,Wheat,65,38,63,64,7.0,26,75,0.76,4574
Mandya,Wheat,43,25,63,48,6.2,20,72,0.61,4088
Mandya,Wheat,52,38,53,56,6.9,16,50,0.71,4304
Mandya,Wheat,67,36,50,55,7.0,24,58,0.69,4330
Mandya,Wheat,50,23,50,52,7.0,17,61,0.62,4031
Mandya,Wheat,51,37,35,43,7.5,27,54,0.76,4262
Mandya,Wheat,40,20,36,56,7.4,18,66,0.65,4132
Mandya,Wheat,66,27,57,52,6.2,22,71,0.81,4373
Mandya,Wheat,49,20,50,63,7.0,25,68,0.63,4457
Mandya,Wheat,62,22,46,57,6.1,18,58,0.6,4103
Mandya,Wheat,41,34,48,41,6.3,16,72,0.69,4234
Mandya,Wheat,42,39,36,54,6.1,25,68,0.79,4483
Mandya,Wheat,57,24,56,62,6.6,17,64,0.62,4371
Mandya,Wheat,49,25,56,54,6.3,25,70,0.75,4290
Mandya,Wheat,52,36,38,49,6.0,27,64,0.8,4513
Mandya,Wheat,48,40,51,59,6.4,26,64,0.7,4390
Mandya,Wheat,48,25,55,44,7.3,26,72,0.69,4428
Mandya,Wheat,41,20,62,51,7.2,27,69,0.64,4405
Mandya,Wheat,50,26,46,54,7.2,16,55,0.63,4257
Mandya,Wheat,54,21,50,55,6.8,22,72,0.76,4198
Mandya,Wheat,55,24,62,50,7.2,18,71,0.67,4125
Mandya,Wheat,46,39,63,53,6.3,21,70,0.64,4190
Mandya,Wheat,58,20,56,43,7.3,26,74,0.62,4214
Mandya,Wheat,49,24,50,42,7.2,21,65,0.66,4316
Mandya,Wheat,45,28,55,65,6.9,15,51,0.61,4314
Belagavi,Rice,48,39,62,68,5.7,34,77,0.73,5338
Belagavi,Rice,63,33,48,74,7.0,30,85,0.82,5522
Belagavi,Rice,46,33,49,60,6.6,35,71,0.78,5324
Belagavi,Rice,46,27,47,68,6.9,27,90,0.8,5415
Belagavi,Rice,50,34,44,57,7.0,32,71,0.72,5300
Belagavi,Rice,56,46,59,55,6.3,32,83,0.86,5614
Belagavi,Rice,78,35,43,67,5.6,32,84,0.8,5705
Belagavi,Rice,53,27,52,62,6.4,30,85,0.86,5592
Belagavi,Rice,70,47,42,70,5.7,32,77,0.79,5595
Belagavi,Rice,50,35,64,61,6.5,32,84,0.88,5396
Belagavi,Rice,75,39,45,69,5.7,33,77,0.77,5631
Belagavi,Rice,62,40,60,62,6.6,25,80,0.74,5566
Belagavi,Rice,78,41,66,63,5.8,29,78,0.85,5644
Belagavi,Rice,70,25,58,73,5.5,30,83,0.85,5802
Belagavi,Rice,52,45,50,59,6.1,27,76,0.75,5602
Belagavi,Rice,78,25,57,60,5.5,30,79,0.78,5674
Belagavi,Rice,59,39,57,76,6.8,26,87,0.84,5801
Belagavi,Rice,55,43,61,55,6.6,30,73,0.87,5637
Belagavi,Rice,57,46,56,67,5.6,32,78,0.83,5612
Belagavi,Rice,67,37,55,58,6.3,32,83,0.71,5565
Belagavi,Rice,68,25,62,74,5.7,30,71,0.71,5655
Belagavi,Rice,56,26,63,70,6.6,28,73,0.89,5561
Belagavi,Rice,79,50,60,70,6.5,33,90,0.73,5568
Belagavi,Rice,58,25,51,74,6.0,31,76,0.82,5496
Belagavi,Rice,63,47,65,78,6.8,28,73,0.75,5743
Belagavi,Rice,54,49,64,62,6.6,32,79,0.7,5630
Belagavi,Rice,71,49,52,78,6.2,28,76,0.89,5810
Belagavi,Rice,47,40,67,62,6.9,29,83,0.81,5595
Belagavi,Rice,59,48,65,69,6.8,26,77,0.77,5770
Belagavi,Rice,61,50,64,59,5.7,30,72,0.71,5510
Belagavi,Rice,55,28,53,70,6.0,26,84,0.73,5495
Belagavi,Rice,70,47,69,62,6.0,28,90,0.74,5842
Belagavi,Rice,49,43,57,78,6.8,33,72,0.9,5763
Belagavi,Rice,59,30,61,66,5.6,35,74,0.72,5510
Belagavi,Rice,50,44,55,76,6.9,30,72,0.81,5472
Belagavi,Rice,59,46,58,62,5.5,32,85,0.73,5552
Belagavi,Rice,76,39,69,76,6.1,32,80,0.71,5683
Belagavi,Rice,75,42,52,73,6.0,28,77,0.75,5658
Belagavi,Rice,59,49,41,75,6.6,31,85,0.79,5560
Belagavi,Rice,78,41,49,67,6.4,30,74,0.77,5683
Belagavi,Rice,61,49,67,57,5.9,30,88,0.74,5637
Belagavi,Rice,48,49,64,72,6.0,25,84,0.77,5527
Belagavi,Rice,73,32,70,67,6.6,25,83,0.83,5776
Belagavi,Rice,48,47,67,79,5.7,30,74,0.83,5636
Belagavi,Rice,61,45,52,69,6.3,26,90,0.74,5565
Belagavi,Rice,71,29,55,79,6.9,27,83,0.75,5579
Belagavi,Rice,58,33,51,62,6.0,28,79,0.8,5638
Belagavi,Rice,54,31,66,71,6.6,28,74,0.76,5691
Belagavi,Rice,80,46,42,72,5.9,27,87,0.72,5651
Belagavi,Rice,77,33,47,63,6.8,32,87,0.76,5589
Belagavi,Rice,66,50,69,74,5.6,25,88,0.73,5615
Belagavi,Rice,75,27,44,80,7.0,32,89,0.79,5658
Belagavi,Rice,67,43,57,77,6.3,28,73,0.77,5640
Belagavi,Rice,54,34,55,67,6.8,34,84,0.7,5377
Belagavi,Rice,58,26,56,69,6.7,33,81,0.88,5407
Belagavi,Rice,71,50,42,56,6.4,25,81,0.86,5533
Belagavi,Rice,63,48,55,70,6.5,31,77,0.87,5830
Belagavi,Rice,51,49,68,59,6.0,28,82,0.81,5543
Belagavi,Rice,62,38,61,64,6.4,32,81,0.86,5677
Belagavi,Rice,60,47,50,58,5.6,33,76,0.77,5491
Belagavi,Rice,63,45,40,72,7.0,28,76,0.73,5467
Belagavi,Rice,59,48,67,67,6.2,29,82,0.85,5575
Belagavi,Rice,66,45,51,66,5.9,34,71,0.89,5702
Belagavi,Rice,59,44,67,75,6.2,26,87,0.86,5576
Belagavi,Rice,74,50,55,71,5.5,27,87,0.72,5663
Belagavi,Rice,60,36,63,59,6.7,31,80,0.82,5572
Belagavi,Rice,67,26,56,55,6.6,27,74,0.73,5627
Belagavi,Rice,69,35,69,76,5.9,31,90,0.71,5625
Belagavi,Rice,51,25,49,67,6.8,26,74,0.9,5637
Belagavi,Rice,75,30,57,77,5.6,28,74,0.71,5745
Belagavi,Rice,70,41,63,72,6.6,33,86,0.78,5532
Belagavi,Rice,67,49,56,71,5.9,32,73,0.8,5555
Belagavi,Rice,69,33,46,75,6.7,32,80,0.86,5636
Belagavi,Rice,79,38,64,76,6.3,35,71,0.74,5526
Belagavi,Rice,53,31,56,67,6.5,34,86,0.82,5427
Belagavi,Rice,52,35,62,64,6.2,25,77,0.7,5453
Belagavi,Rice,68,42,48,67,7.0,26,84,0.79,5508
Belagavi,Rice,49,43,45,68,5.8,28,88,0.71,5592
Belagavi,Rice,76,47,65,75,6.7,35,82,0.82,5785
Belagavi,Rice,57,33,52,65,5.9,31,87,0.76,5625
Belagavi,Rice,73,33,55,73,5.8,33,72,0.87,5641
Belagavi,Rice,53,48,69,69,7.0,27,79,0.85,5835
Belagavi,Rice,45,28,48,67,5.6,33,81,0.77,5327
Belagavi,Rice,50,43,58,76,6.9,31,76,0.73,5413
Belagavi,Rice,57,44,43,64,6.2,34,82,0.8,5504
Belagavi,Rice,75,37,57,78,5.8,28,84,0.81,5702
Belagavi,Rice,80,28,50,69,5.8,35,70,0.87,5756
Belagavi,Rice,53,47,68,63,6.9,29,90,0.73,5640
Belagavi,Rice,61,46,47,61,6.1,34,83,0.75,5498
Belagavi,Rice,74,27,52,62,5.6,27,74,0.88,5792
Belagavi,Rice,80,46,57,64,6.2,31,83,0.82,5717
Belagavi,Rice,50,26,61,58,6.6,27,79,0.76,5375
Belagavi,Rice,45,50,54,60,6.4,31,71,0.72,5466
Belagavi,Rice,58,29,55,59,6.5,26,72,0.73,5550
Belagavi,Rice,53,26,55,74,6.6,33,79,0.79,5507
Belagavi,Rice,57,42,46,65,6.0,27,84,0.75,5550
Belagavi,Rice,49,40,68,77,5.8,28,77,0.85,5548
Belagavi,Rice,60,40,44,58,6.2,29,80,0.77,5656
Belagavi,Rice,52,33,57,76,6.1,35,80,0.8,5589
Belagavi,Rice,53,33,50,58,5.7,35,79,0.73,5370
Belagavi,Sugarcane,98,40,50,61,7.5,26,74,0.76,8584
Belagavi,Sugarcane,75,54,84,67,7.2,31,73,0.79,8755
Belagavi,Sugarcane,64,60,52,68,7.1,27,83,0.8,8464
Belagavi,Sugarcane,67,55,50,61,6.3,33,68,0.78,8367
Belagavi,Sugarcane,93,32,63,68,6.4,33,70,0.88,8684
Belagavi,Sugarcane,67,37,62,84,7.5,34,66,0.79,8399
Belagavi,Sugarcane,98,51,50,67,7.4,25,85,0.82,8517
Belagavi,Sugarcane,74,51,51,69,7.1,32,67,0.91,8643
Belagavi,Sugarcane,80,32,50,73,7.0,30,80,0.87,8447
Belagavi,Sugarcane,66,56,56,82,6.2,31,73,0.79,8514
Belagavi,Sugarcane,92,39,76,62,6.9,37,80,0.84,8409
Belagavi,Sugarcane,69,40,58,71,7.1,28,66,0.87,8444
Belagavi,Sugarcane,96,41,76,64,6.5,30,78,0.8,8691
Belagavi,Sugarcane,77,51,60,80,6.3,26,69,0.76,8614
Belagavi,Sugarcane,65,47,73,82,7.3,30,74,0.88,8728
Belagavi,Sugarcane,95,33,70,77,6.3,32,72,0.75,8602
Belagavi,Sugarcane,94,50,89,84,7.2,36,77,0.81,8645
Belagavi,Sugarcane,92,50,73,61,6.1,26,66,0.92,8603
Belagavi,Sugarcane,68,34,67,64,7.1,32,68,0.87,8458
Belagavi,Sugarcane,75,51,89,69,6.8,37,73,0.82,8562
Belagavi,Sugarcane,86,43,71,83,6.9,36,72,0.87,8683
Belagavi,Sugarcane,64,48,64,65,6.6,32,65,0.83,8394
Belagavi,Sugarcane,69,52,78,81,6.5,26,78,0.85,8513
Belagavi,Sugarcane,83,44,54,71,6.3,38,68,0.78,8534
Belagavi,Sugarcane,81,47,87,66,6.3,30,80,0.78,8739
Belagavi,Sugarcane,76,39,59,76,6.3,27,72,0.89,8587
Belagavi,Sugarcane,98,41,54,64,6.4,35,84,0.81,8406
Belagavi,Sugarcane,94,35,72,69,6.4,26,67,0.88,8546
Belagavi,Sugarcane,91,44,62,67,6.6,37,77,0.87,8511
Belagavi,Sugarcane,91,46,85,64,7.3,38,78,0.84,8712
Belagavi,Sugarcane,93,58,63,84,6.1,34,85,0.77,8791
Belagavi,Sugarcane,91,45,60,64,7.4,32,77,0.87,8746
Belagavi,Sugarcane,67,39,79,80,7.4,29,84,0.9,8787
Belagavi,Sugarcane,82,55,51,77,6.7,25,65,0.76,8719
Belagavi,Sugarcane,60,58,60,85,7.4,28,81,0.84,8722
Belagavi,Sugarcane,85,45,60,65,7.4,33,68,0.76,8605
Belagavi,Sugarcane,85,56,85,62,6.2,26,73,0.75,8608
Belagavi,Sugarcane,91,57,88,77,7.3,35,66,0.89,8735
Belagavi,Sugarcane,95,56,56,73,7.3,25,85,0.86,8855
Belagavi,Sugarcane,94,47,77,61,6.5,31,65,0.78,8584
Belagavi,Sugarcane,87,50,77,69,6.3,30,65,0.84,8664
Belagavi,Sugarcane,89,33,67,70,6.7,26,76,0.78,8688
Belagavi,Sugarcane,95,45,84,62,6.0,30,69,0.91,8772
Belagavi,Sugarcane,71,31,56,62,6.2,32,78,0.8,8308
Belagavi,Sugarcane,79,35,79,63,7.1,38,73,0.83,8597
Belagavi,Sugarcane,90,59,75,62,6.2,33,79,0.86,8569
Belagavi,Sugarcane,92,60,79,80,6.6,28,67,0.83,8759
Belagavi,Sugarcane,89,60,81,71,7.2,27,67,0.83,8650
Belagavi,Sugarcane,68,30,71,79,7.4,38,72,0.77,8279
Belagavi,Sugarcane,64,59,80,62,6.4,37,76,0.86,8625
Belagavi,Sugarcane,82,53,67,83,7.3,37,81,0.9,8754
Belagavi,Sugarcane,99,33,69,85,6.6,34,73,0.84,8570
Belagavi,Sugarcane,90,53,63,80,6.5,26,73,0.89,8689
Belagavi,Sugarcane,71,37,79,61,6.2,25,79,0.87,8522
Belagavi,Sugarcane,81,59,60,73,6.2,35,82,0.89,8745
Belagavi,Sugarcane,99,37,63,85,7.2,26,73,0.8,8800
Belagavi,Sugarcane,67,35,52,75,7.1,26,66,0.9,8570
Belagavi,Sugarcane,89,34,73,60,6.9,37,78,0.82,8506
Belagavi,Sugarcane,94,43,82,76,6.5,30,81,0.8,8741
Belagavi,Sugarcane,98,45,67,75,6.3,29,71,0.88,8837
Belagavi,Sugarcane,65,52,87,69,6.2,32,81,0.82,8671
Belagavi,Sugarcane,88,36,86,83,7.0,33,70,0.83,8677
Belagavi,Sugarcane,66,36,72,61,7.2,25,83,0.79,8281
Belagavi,Sugarcane,65,48,90,65,6.1,33,76,0.77,8461
Belagavi,Sugarcane,88,54,66,71,7.0,37,76,0.88,8700
Belagavi,Sugarcane,74,54,88,79,7.2,32,84,0.81,8548
Belagavi,Sugarcane,75,44,74,64,7.2,38,83,0.84,8553
Belagavi,Sugarcane,97,60,57,83,6.5,33,79,0.85,8845
Belagavi,Sugarcane,87,49,55,69,7.1,35,71,0.77,8659
Belagavi,Sugarcane,87,46,51,74,6.4,34,67,0.8,8538
Belagavi,Sugarcane,67,42,68,68,7.3,36,83,0.82,8336
Belagavi,Sugarcane,75,58,55,79,7.3,33,73,0.84,8529
Belagavi,Sugarcane,65,55,80,61,6.5,33,73,0.82,8449
Belagavi,Sugarcane,93,41,52,79,6.9,26,67,0.87,8588
Belagavi,Sugarcane,90,42,53,84,6.1,28,74,0.83,8663
Belagavi,Sugarcane,65,35,83,62,7.4,26,83,0.82,8573
Belagavi,Sugarcane,81,47,87,69,7.0,25,72,0.76,8543
Belagavi,Sugarcane,96,39,71,66,6.3,30,67,0.89,8711
Belagavi,Sugarcane,86,41,87,79,6.9,31,68,0.8,8689
Belagavi,Sugarcane,83,55,90,76,7.0,27,76,0.9,8898
Belagavi,Sugarcane,82,45,72,83,7.3,30,78,0.87,8846
Belagavi,Sugarcane,89,39,77,73,6.2,34,76,0.91,8558
Belagavi,Sugarcane,94,42,85,83,6.7,27,69,0.77,8631
Belagavi,Sugarcane,62,52,67,76,6.3,31,78,0.84,8674
Belagavi,Sugarcane,84,50,90,77,6.1,34,79,0.92,8648
Belagavi,Sugarcane,91,33,87,70,6.9,38,82,0.8,8567
Belagavi,Sugarcane,83,55,50,75,6.4,38,72,0.81,8374
Belagavi,Sugarcane,90,52,57,78,6.1,38,79,0.89,8577
Belagavi,Sugarcane,94,46,86,69,7.0,32,72,0.87,8809
Belagavi,Sugarcane,84,42,66,71,7.2,36,71,0.81,8661
Belagavi,Sugarcane,82,37,85,85,7.1,25,75,0.8,8617
Belagavi,Sugarcane,76,37,86,70,6.6,30,78,0.8,8576
Belagavi,Sugarcane,60,43,52,72,7.3,30,70,0.84,8380
Belagavi,Sugarcane,81,36,77,63,6.6,32,75,0.76,8462
Belagavi,Sugarcane,67,36,60,84,7.5,34,84,0.85,8443
Belagavi,Sugarcane,63,47,67,77,6.4,34,83,0.87,8568
Belagavi,Sugarcane,64,30,74,69,7.4,38,78,0.78,8421
Belagavi,Sugarcane,72,34,72,78,6.8,25,74,0.9,8693
Belagavi,Sugarcane,91,37,73,79,7.3,30,82,0.77,8740
Belagavi,Sugarcane,92,43,51,72,7.0,38,72,0.76,8401
Belagavi,Maize,62,44,60,46,6.4,22,56,0.73,4995
Belagavi,Maize,70,31,48,67,6.0,25,58,0.77,5230
Belagavi,Maize,73,28,44,51,7.1,25,72,0.8,5190
Belagavi,Maize,68,38,49,51,7.0,29,55,0.83,5130
Belagavi,Maize,51,36,56,70,5.9,27,73,0.7,5210
Belagavi,Maize,78,25,57,47,6.2,20,69,0.82,5140
Belagavi,Maize,61,27,67,69,7.0,26,75,0.81,5224
Belagavi,Maize,68,43,46,67,6.9,21,71,0.66,4934
Belagavi,Maize,72,25,41,58,6.8,26,64,0.82,5288
Belagavi,Maize,68,33,70,67,7.1,20,71,0.69,5071
Belagavi,Maize,76,26,49,59,6.1,30,66,0.67,4972
Belagavi,Maize,80,25,53,54,6.0,22,67,0.82,5102
Belagavi,Maize,67,38,44,62,6.2,20,66,0.75,5198
Belagavi,Maize,75,41,62,66,6.8,29,55,0.84,5408
Belagavi,Maize,63,35,62,49,5.8,32,78,0.69,5077
Belagavi,Maize,53,25,66,50,7.1,26,74,0.84,5066
Belagavi,Maize,73,38,59,64,5.9,28,67,0.78,5390
Belagavi,Maize,72,34,57,65,6.5,25,67,0.8,5090
Belagavi,Maize,72,39,58,53,5.9,25,65,0.85,5145
Belagavi,Maize,67,32,57,45,6.4,24,62,0.8,4958
Belagavi,Maize,77,44,67,66,6.2,24,80,0.67,5246
Belagavi,Maize,56,26,52,67,7.2,20,71,0.72,4904
Belagavi,Maize,73,29,42,51,6.0,32,75,0.71,5092
Belagavi,Maize,66,37,58,49,5.9,22,76,0.67,5117
Belagavi,Maize,66,40,60,48,6.8,21,80,0.84,5138
Belagavi,Maize,55,43,64,51,6.6,25,65,0.68,5021
Belagavi,Maize,67,30,59,67,6.4,29,65,0.78,5257
Belagavi,Maize,64,30,62,61,6.8,31,78,0.75,5176
Belagavi,Maize,64,41,53,52,5.8,28,67,0.84,5367
Belagavi,Maize,80,29,60,68,7.0,25,68,0.76,5339
Belagavi,Maize,70,27,62,51,5.8,31,60,0.74,5015
Belagavi,Maize,70,31,53,63,6.7,30,78,0.75,5085
Belagavi,Maize,64,41,55,45,6.8,24,76,0.76,5199
Belagavi,Maize,78,28,58,59,6.4,30,68,0.66,5266
Belagavi,Maize,51,37,52,56,6.0,24,66,0.84,5095
Belagavi,Maize,73,26,45,54,6.4,26,62,0.84,5212
Belagavi,Maize,64,41,43,51,5.8,26,66,0.76,5144
Belagavi,Maize,63,45,42,46,6.2,21,63,0.65,5016
Belagavi,Maize,66,38,44,45,6.9,27,64,0.68,5031
Belagavi,Maize,65,39,54,56,6.2,22,78,0.67,5155
Belagavi,Maize,71,40,41,58,6.5,27,60,0.79,5180
Belagavi,Maize,60,43,51,54,7.0,28,56,0.81,5269
Belagavi,Maize,58,33,56,48,7.2,32,64,0.79,5034
Belagavi,Maize,80,39,58,49,6.2,32,70,0.78,5122
Belagavi,Maize,77,29,61,45,6.4,30,57,0.7,5125
Belagavi,Maize,72,39,47,65,7.1,26,55,0.76,5341
Belagavi,Maize,68,28,54,63,6.4,23,76,0.82,5103
Belagavi,Maize,65,27,59,58,7.2,22,63,0.79,5084
Belagavi,Maize,52,34,48,53,6.4,23,63,0.75,5123
Belagavi,Maize,63,44,65,59,6.9,27,61,0.71,5225
Belagavi,Maize,64,39,47,65,6.8,21,60,0.74,5171
Belagavi,Maize,68,25,66,54,6.2,24,63,0.79,5261
Belagavi,Maize,57,34,59,66,6.6,22,78,0.72,5193
Belagavi,Maize,52,29,62,58,6.8,21,55,0.73,5048
Belagavi,Maize,74,39,54,54,6.2,29,67,0.73,5074
Belagavi,Maize,54,35,67,54,6.2,27,62,0.72,5161
Belagavi,Maize,67,39,51,58,7.0,30,60,0.7,5142
Belagavi,Maize,61,33,49,68,6.6,31,58,0.66,5105
Belagavi,Maize,79,33,53,66,6.4,31,55,0.67,5293
Belagavi,Maize,70,34,48,52,7.2,26,70,0.68,5165
Belagavi,Maize,80,39,61,66,6.1,22,73,0.85,5179
Belagavi,Maize,70,30,54,55,6.4,26,73,0.8,5103
Belagavi,Maize,60,37,49,49,7.1,25,64,0.68,5138
Belagavi,Maize,78,45,40,49,6.1,29,69,0.78,5344
Belagavi,Maize,59,31,70,63,6.8,26,78,0.73,5197
Belagavi,Maize,79,29,60,54,6.0,31,66,0.72,5127
Belagavi,Maize,59,29,52,65,7.0,23,69,0.83,5224
Belagavi,Maize,50,40,45,53,6.1,27,68,0.84,4994
Belagavi,Maize,58,32,55,65,6.4,29,56,0.74,5003
Belagavi,Maize,65,41,60,57,6.6,31,78,0.84,5250
Belagavi,Maize,60,26,44,60,6.7,22,66,0.7,5004
Belagavi,Maize,74,39,68,47,6.5,22,77,0.73,5113
Belagavi,Maize,51,43,66,47,5.8,21,63,0.81,4925
Belagavi,Maize,79,40,42,66,6.3,31,63,0.73,5074
Belagavi,Maize,74,29,49,53,6.6,27,61,0.78,5251
Belagavi,Maize,67,35,70,56,6.5,32,80,0.67,5163
Belagavi,Maize,70,32,69,50,6.3,22,79,0.82,5032
Belagavi,Maize,78,38,65,47,6.5,28,74,0.7,5298
Belagavi,Maize,60,37,50,69,6.8,31,61,0.7,4964
Belagavi,Maize,62,34,41,52,7.0,22,62,0.74,4937
Belagavi,Maize,70,40,55,63,6.2,21,70,0.76,5210
Belagavi,Maize,58,27,42,57,6.7,27,68,0.73,5093
Belagavi,Maize,72,30,47,59,7.0,21,76,0.75,5129
Belagavi,Maize,70,41,43,54,5.8,25,69,0.7,5204
Belagavi,Maize,75,38,50,49,6.3,25,70,0.74,5234
Belagavi,Maize,56,30,46,57,7.0,22,59,0.72,5021
Belagavi,Maize,53,31,64,53,6.1,31,66,0.77,4935
Belagavi,Maize,67,38,47,46,6.6,29,73,0.82,5201
Belagavi,Maize,65,45,70,53,6.9,24,80,0.77,5080
Belagavi,Maize,77,32,67,49,6.5,22,71,0.73,5043
Belagavi,Maize,61,25,57,52,6.5,25,72,0.82,5065
Belagavi,Maize,75,32,59,46,6.4,28,58,0.7,5226
Belagavi,Maize,65,40,62,57,6.7,24,69,0.78,5043
Belagavi,Maize,75,29,51,60,6.2,27,74,0.71,5239
Belagavi,Maize,63,29,60,52,6.6,30,56,0.79,5160
Belagavi,Maize,63,36,53,70,6.1,22,60,0.77,5205
Belagavi,Maize,51,35,41,53,6.5,31,74,0.7,4994
Belagavi,Maize,67,44,53,69,7.1,24,71,0.76,5171
Belagavi,Maize,72,33,44,47,6.9,30,59,0.83,5176
Belagavi,Maize,71,34,41,70,6.4,21,77,0.79,5259
Belagavi,Wheat,42,25,58,41,6.5,23,75,0.73,4259
Belagavi,Wheat,53,28,52,62,7.1,18,62,0.73,4267
Belagavi,Wheat,56,25,35,65,6.5,18,54,0.63,4196
Belagavi,Wheat,52,40,35,60,6.1,28,70,0.67,4313
Belagavi,Wheat,54,24,35,52,7.0,17,65,0.66,4177
Belagavi,Wheat,63,28,39,64,7.3,20,59,0.8,4489
Belagavi,Wheat,54,38,53,41,6.8,28,68,0.65,4266
Belagavi,Wheat,54,24,57,44,7.5,23,57,0.73,4301
Belagavi,Wheat,50,22,57,47,7.4,26,50,0.82,4485
Belagavi,Wheat,41,21,40,64,7.0,25,66,0.64,4347
Belagavi,Wheat,56,26,65,51,6.5,24,64,0.66,4336
Belagavi,Wheat,63,26,46,61,6.1,22,60,0.66,4519
Belagavi,Wheat,48,26,62,41,6.1,21,70,0.76,4151
Belagavi,Wheat,41,40,61,56,6.5,22,70,0.71,4444
Belagavi,Wheat,57,25,39,46,7.2,20,73,0.78,4358
Belagavi,Wheat,48,35,64,59,7.1,28,73,0.82,4404
Belagavi,Wheat,60,27,63,57,7.4,26,65,0.69,4395
Belagavi,Wheat,66,29,53,41,6.0,23,65,0.68,4225
Belagavi,Wheat,70,20,42,60,6.5,22,52,0.67,4425
Belagavi,Wheat,60,23,54,44,7.5,19,69,0.75,4328
Belagavi,Wheat,41,23,44,60,7.4,20,68,0.67,4209
Belagavi,Wheat,65,29,53,64,6.5,25,63,0.61,4430
Belagavi,Wheat,49,29,63,65,6.7,18,65,0.61,4385
Belagavi,Wheat,63,21,47,41,6.4,24,58,0.76,4313
Belagavi,Wheat,66,31,50,44,7.1,23,53,0.65,4229
Belagavi,Wheat,70,32,41,58,6.4,17,75,0.65,4412
Belagavi,Wheat,56,27,50,59,7.2,24,74,0.65,4419
Belagavi,Wheat,53,22,54,41,6.3,17,52,0.72,4322
Belagavi,Wheat,63,37,37,65,7.3,17,51,0.75,4439
Belagavi,Wheat,50,35,56,58,6.9,15,54,0.81,4222
Belagavi,Wheat,41,25,50,62,6.7,21,58,0.65,4225
Belagavi,Wheat,50,40,36,55,6.1,23,50,0.61,4302
Belagavi,Wheat,46,37,47,56,6.7,19,69,0.79,4339
Belagavi,Wheat,69,20,51,60,6.3,22,73,0.67,4501
Belagavi,Wheat,41,23,60,54,7.0,19,73,0.63,4133
Belagavi,Wheat,48,26,50,44,6.3,23,75,0.82,4470
Belagavi,Wheat,47,35,37,44,6.0,27,72,0.64,4252
Belagavi,Wheat,53,22,40,49,6.2,19,70,0.8,4205
Belagavi,Wheat,69,34,39,42,7.0,16,58,0.81,4226
Belagavi,Wheat,54,31,60,40,6.0,20,56,0.79,4477
Belagavi,Wheat,68,34,44,56,7.4,16,60,0.69,4391
Belagavi,Wheat,70,30,38,59,7.3,17,66,0.71,4307
Belagavi,Wheat,67,21,45,63,6.8,22,74,0.74,4334
Belagavi,Wheat,49,25,49,51,6.1,19,57,0.8,4366
Belagavi,Wheat,65,36,42,45,7.1,20,52,0.6,4197
Belagavi,Wheat,49,34,54,41,7.2,28,75,0.72,4340
Belagavi,Wheat,68,28,64,47,7.3,22,71,0.77,4494
Belagavi,Wheat,44,34,57,44,7.5,18,57,0.61,4014
Belagavi,Wheat,62,22,61,54,7.4,26,53,0.81,4550
Belagavi,Wheat,60,36,46,61,6.0,27,71,0.68,4523
Belagavi,Wheat,66,33,45,58,6.1,18,72,0.66,4235
Belagavi,Wheat,67,24,54,48,7.1,20,60,0.81,4522
Belagavi,Wheat,59,32,36,50,6.7,28,74,0.74,4342
Belagavi,Wheat,60,37,46,43,6.7,15,69,0.64,4268
Belagavi,Wheat,45,40,54,41,7.5,17,63,0.61,4173
Belagavi,Wheat,45,34,37,48,6.1,21,64,0.69,4352
Belagavi,Wheat,61,20,38,53,6.4,15,72,0.77,4129
Belagavi,Wheat,67,31,38,61,6.5,15,54,0.63,4138
Belagavi,Wheat,67,24,44,50,6.8,28,66,0.79,4591
Belagavi,Wheat,42,30,51,43,7.2,21,64,0.63,4155
Belagavi,Wheat,64,38,43,59,7.3,28,57,0.69,4465
Belagavi,Wheat,43,39,64,53,6.6,19,56,0.65,4284
Belagavi,Wheat,66,25,49,50,6.7,26,60,0.62,4380
Belagavi,Wheat,69,35,62,62,6.9,17,64,0.66,4290
Belagavi,Wheat,69,22,45,65,7.2,26,59,0.71,4407
Belagavi,Wheat,66,26,45,57,6.2,23,65,0.64,4514
Belagavi,Wheat,40,26,35,44,6.4,23,59,0.78,4154
Belagavi,Wheat,69,37,55,64,6.6,20,71,0.61,4416
Belagavi,Wheat,47,20,65,51,6.7,25,55,0.66,4261
Belagavi,Wheat,59,40,65,53,7.4,26,58,0.61,4480
Belagavi,Wheat,45,32,65,60,6.1,24,74,0.76,4579
Belagavi,Wheat,63,20,51,49,6.8,21,64,0.61,4352
Belagavi,Wheat,41,40,61,46,6.8,16,56,0.75,4341
Belagavi,Wheat,44,28,50,63,6.5,15,73,0.77,4308
Belagavi,Wheat,69,36,45,59,6.7,25,71,0.79,4423
Belagavi,Wheat,42,35,60,55,7.2,22,55,0.76,4425
Belagavi,Wheat,52,28,65,40,7.0,28,69,0.75,4351
Belagavi,Wheat,42,34,39,59,7.3,27,66,0.82,4390
Belagavi,Wheat,57,37,50,53,7.1,28,55,0.78,4538
Belagavi,Wheat,70,33,47,63,7.2,26,74,0.8,4474
Belagavi,Wheat,63,36,43,51,6.9,24,73,0.72,4367
Belagavi,Wheat,47,27,35,58,7.0,21,66,0.75,4279
Belagavi,Wheat,55,33,56,63,7.0,18,51,0.79,4288
Belagavi,Wheat,50,38,60,43,6.9,20,75,0.8,4234
Belagavi,Wheat,56,24,39,50,6.1,21,51,0.62,4162
Belagavi,Wheat,63,34,45,40,6.9,21,65,0.81,4367
Belagavi,Wheat,66,29,44,51,6.4,25,70,0.82,4399
Belagavi,Wheat,65,26,43,52,6.1,26,64,0.66,4487
Belagavi,Wheat,42,39,51,61,6.3,28,60,0.8,4439
Belagavi,Wheat,60,21,58,55,6.6,18,57,0.74,4369
Belagavi,Wheat,59,32,62,47,6.4,16,58,0.78,4443
Belagavi,Wheat,53,40,65,57,7.0,28,52,0.61,4510
Belagavi,Wheat,49,26,35,54,7.1,15,55,0.76,4181
Belagavi,Wheat,45,35,38,53,6.9,28,59,0.64,4200
Belagavi,Wheat,40,28,62,45,7.2,26,75,0.69,4352
Belagavi,Wheat,60,22,35,57,6.9,24,60,0.69,4280
Belagavi,Wheat,69,31,38,63,6.0,16,73,0.68,4207
Belagavi,Wheat,41,23,56,65,7.3,27,65,0.76,4378
Belagavi,Wheat,67,29,39,46,7.4,15,61,0.81,4392
Belagavi,Wheat,49,26,60,47,6.4,15,51,0.75,4101
